fuel,monthlyRidership,busCount
DIESEL,1000,1
DIESEL,1100,2
DIESEL,1200,2
DIESEL,1300,2
DIESEL,1400,2
DIESEL,1500,2
DIESEL,1600,3
DIESEL,1700,3
DIESEL,1800,3
DIESEL,1900,4
DIESEL,2000,4
DIESEL,2100,3
DIESEL,2200,4
DIESEL,2300,4
DIESEL,2400,4
DIESEL,2500,5
DIESEL,2600,4
DIESEL,2700,5
DIESEL,2800,5
DIESEL,2900,5
DIESEL,3000,5
DIESEL,3100,6
DIESEL,3200,6
DIESEL,3300,6
DIESEL,3400,6
DIESEL,3500,7
DIESEL,3600,6
DIESEL,3700,6
DIESEL,3800,7
DIESEL,3900,7
DIESEL,4000,8
DIESEL,4100,8
DIESEL,4200,8
DIESEL,4300,8
DIESEL,4400,9
DIESEL,4500,8
DIESEL,4600,9
DIESEL,4700,8
DIESEL,4800,9
DIESEL,4900,9
DIESEL,5000,9
DIESEL,5100,10
DIESEL,5200,11
DIESEL,5300,9
DIESEL,5400,11
DIESEL,5500,10
DIESEL,5600,10
DIESEL,5700,11
DIESEL,5800,12
DIESEL,5900,11
DIESEL,6000,12
DIESEL,6100,11
DIESEL,6200,13
DIESEL,6300,13
DIESEL,6400,11
DIESEL,6500,12
DIESEL,6600,12
DIESEL,6700,13
DIESEL,6800,14
DIESEL,6900,12
DIESEL,7000,13
DIESEL,7100,14
DIESEL,7200,13
DIESEL,7300,15
DIESEL,7400,14
DIESEL,7500,16
DIESEL,7600,14
DIESEL,7700,16
DIESEL,7800,17
DIESEL,7900,16
DIESEL,8000,14
DIESEL,8100,16
DIESEL,8200,15
DIESEL,8300,17
DIESEL,8400,18
DIESEL,8500,16
DIESEL,8600,18
DIESEL,8700,15
DIESEL,8800,17
DIESEL,8900,18
DIESEL,9000,17
DIESEL,9100,18
DIESEL,9200,18
DIESEL,9300,18
DIESEL,9400,18
DIESEL,9500,19
DIESEL,9600,17
DIESEL,9700,18
DIESEL,9800,18
DIESEL,9900,18
DIESEL,10000,18
DIESEL,10100,21
DIESEL,10200,18
DIESEL,10300,20
DIESEL,10400,19
DIESEL,10500,18
DIESEL,10600,19
DIESEL,10700,21
DIESEL,10800,20
DIESEL,10900,21
DIESEL,11000,21
DIESEL,11100,23
DIESEL,11200,22
DIESEL,11300,23
DIESEL,11400,24
DIESEL,11500,21
DIESEL,11600,22
DIESEL,11700,24
DIESEL,11800,25
DIESEL,11900,22
DIESEL,12000,21
DIESEL,12100,25
DIESEL,12200,22
DIESEL,12300,23
DIESEL,12400,26
DIESEL,12500,23
DIESEL,12600,22
DIESEL,12700,23
DIESEL,12800,27
DIESEL,12900,23
DIESEL,13000,25
DIESEL,13100,28
DIESEL,13200,25
DIESEL,13300,28
DIESEL,13400,28
DIESEL,13500,26
DIESEL,13600,27
DIESEL,13700,29
DIESEL,13800,29
DIESEL,13900,29
DIESEL,14000,26
DIESEL,14100,28
DIESEL,14200,25
DIESEL,14300,27
DIESEL,14400,25
DIESEL,14500,27
DIESEL,14600,30
DIESEL,14700,28
DIESEL,14800,27
DIESEL,14900,30
DIESEL,15000,31
DIESEL,15100,30
DIESEL,15200,31
DIESEL,15300,28
DIESEL,15400,28
DIESEL,15500,31
DIESEL,15600,33
DIESEL,15700,30
DIESEL,15800,31
DIESEL,15900,29
DIESEL,16000,29
DIESEL,16100,29
DIESEL,16200,34
DIESEL,16300,35
DIESEL,16400,31
DIESEL,16500,31
DIESEL,16600,33
DIESEL,16700,35
DIESEL,16800,31
DIESEL,16900,34
DIESEL,17000,36
DIESEL,17100,33
DIESEL,17200,35
DIESEL,17300,37
DIESEL,17400,36
DIESEL,17500,35
DIESEL,17600,36
DIESEL,17700,35
DIESEL,17800,37
DIESEL,17900,32
DIESEL,18000,34
DIESEL,18100,36
DIESEL,18200,37
DIESEL,18300,33
DIESEL,18400,37
DIESEL,18500,34
DIESEL,18600,38
DIESEL,18700,39
DIESEL,18800,34
DIESEL,18900,39
DIESEL,19000,41
DIESEL,19100,39
DIESEL,19200,38
DIESEL,19300,36
DIESEL,19400,40
DIESEL,19500,41
DIESEL,19600,42
DIESEL,19700,37
DIESEL,19800,41
DIESEL,19900,40
DIESEL,20000,43
DIESEL,20100,36
DIESEL,20200,40
DIESEL,20300,38
DIESEL,20400,43
DIESEL,20500,44
DIESEL,20600,42
DIESEL,20700,40
DIESEL,20800,41
DIESEL,20900,41
DIESEL,21000,38
DIESEL,21100,45
DIESEL,21200,42
DIESEL,21300,39
DIESEL,21400,40
DIESEL,21500,39
DIESEL,21600,40
DIESEL,21700,39
DIESEL,21800,45
DIESEL,21900,41
DIESEL,22000,43
DIESEL,22100,45
DIESEL,22200,41
DIESEL,22300,41
DIESEL,22400,43
DIESEL,22500,47
DIESEL,22600,42
DIESEL,22700,49
DIESEL,22800,46
DIESEL,22900,41
DIESEL,23000,47
DIESEL,23100,45
DIESEL,23200,46
DIESEL,23300,45
DIESEL,23400,48
DIESEL,23500,42
DIESEL,23600,51
DIESEL,23700,51
DIESEL,23800,43
DIESEL,23900,45
DIESEL,24000,46
DIESEL,24100,46
DIESEL,24200,45
DIESEL,24300,47
DIESEL,24400,44
DIESEL,24500,49
DIESEL,24600,53
DIESEL,24700,53
DIESEL,24800,50
DIESEL,24900,52
DIESEL,25000,54
DIESEL,25100,51
DIESEL,25200,46
DIESEL,25300,54
DIESEL,25400,51
DIESEL,25500,49
DIESEL,25600,46
DIESEL,25700,50
DIESEL,25800,54
DIESEL,25900,49
DIESEL,26000,53
DIESEL,26100,53
DIESEL,26200,54
DIESEL,26300,51
DIESEL,26400,50
DIESEL,26500,56
DIESEL,26600,56
DIESEL,26700,54
DIESEL,26800,54
DIESEL,26900,50
DIESEL,27000,48
DIESEL,27100,57
DIESEL,27200,51
DIESEL,27300,59
DIESEL,27400,53
DIESEL,27500,58
DIESEL,27600,54
DIESEL,27700,50
DIESEL,27800,54
DIESEL,27900,55
DIESEL,28000,57
DIESEL,28100,61
DIESEL,28200,57
DIESEL,28300,53
DIESEL,28400,59
DIESEL,28500,62
DIESEL,28600,58
DIESEL,28700,61
DIESEL,28800,61
DIESEL,28900,56
DIESEL,29000,55
DIESEL,29100,54
DIESEL,29200,62
DIESEL,29300,55
DIESEL,29400,55
DIESEL,29500,59
DIESEL,29600,62
DIESEL,29700,54
DIESEL,29800,60
DIESEL,29900,59
DIESEL,30000,55
DIESEL,30100,59
DIESEL,30200,56
DIESEL,30300,61
DIESEL,30400,60
DIESEL,30500,65
DIESEL,30600,60
DIESEL,30700,62
DIESEL,30800,67
DIESEL,30900,63
DIESEL,31000,65
DIESEL,31100,61
DIESEL,31200,57
DIESEL,31300,61
DIESEL,31400,61
DIESEL,31500,68
DIESEL,31600,61
DIESEL,31700,58
DIESEL,31800,64
DIESEL,31900,61
DIESEL,32000,69
DIESEL,32100,64
DIESEL,32200,70
DIESEL,32300,59
DIESEL,32400,69
DIESEL,32500,71
DIESEL,32600,67
DIESEL,32700,62
DIESEL,32800,70
DIESEL,32900,60
DIESEL,33000,65
DIESEL,33100,67
DIESEL,33200,62
DIESEL,33300,66
DIESEL,33400,72
DIESEL,33500,69
DIESEL,33600,61
DIESEL,33700,68
DIESEL,33800,66
DIESEL,33900,63
DIESEL,34000,63
DIESEL,34100,69
DIESEL,34200,68
DIESEL,34300,64
DIESEL,34400,70
DIESEL,34500,65
DIESEL,34600,70
DIESEL,34700,68
DIESEL,34800,68
DIESEL,34900,72
DIESEL,35000,63
DIESEL,35100,63
DIESEL,35200,67
DIESEL,35300,70
DIESEL,35400,69
DIESEL,35500,67
DIESEL,35600,76
DIESEL,35700,74
DIESEL,35800,74
DIESEL,35900,65
DIESEL,36000,65
DIESEL,36100,75
DIESEL,36200,68
DIESEL,36300,67
DIESEL,36400,72
DIESEL,36500,73
DIESEL,36600,72
DIESEL,36700,71
DIESEL,36800,74
DIESEL,36900,73
DIESEL,37000,80
DIESEL,37100,80
DIESEL,37200,72
DIESEL,37300,68
DIESEL,37400,76
DIESEL,37500,78
DIESEL,37600,67
DIESEL,37700,71
DIESEL,37800,76
DIESEL,37900,76
DIESEL,38000,70
DIESEL,38100,77
DIESEL,38200,71
DIESEL,38300,74
DIESEL,38400,71
DIESEL,38500,78
DIESEL,38600,80
DIESEL,38700,83
DIESEL,38800,79
DIESEL,38900,72
DIESEL,39000,84
DIESEL,39100,72
DIESEL,39200,74
DIESEL,39300,85
DIESEL,39400,78
DIESEL,39500,79
DIESEL,39600,71
DIESEL,39700,80
DIESEL,39800,84
DIESEL,39900,84
DIESEL,40000,78
DIESEL,40100,77
DIESEL,40200,84
DIESEL,40300,73
DIESEL,40400,83
DIESEL,40500,74
DIESEL,40600,80
DIESEL,40700,88
DIESEL,40800,82
DIESEL,40900,75
DIESEL,41000,79
DIESEL,41100,88
DIESEL,41200,89
DIESEL,41300,87
DIESEL,41400,82
DIESEL,41500,87
DIESEL,41600,87
DIESEL,41700,83
DIESEL,41800,85
DIESEL,41900,76
DIESEL,42000,89
DIESEL,42100,87
DIESEL,42200,85
DIESEL,42300,81
DIESEL,42400,84
DIESEL,42500,81
DIESEL,42600,91
DIESEL,42700,89
DIESEL,42800,79
DIESEL,42900,81
DIESEL,43000,93
DIESEL,43100,85
DIESEL,43200,85
DIESEL,43300,81
DIESEL,43400,82
DIESEL,43500,82
DIESEL,43600,78
DIESEL,43700,88
DIESEL,43800,88
DIESEL,43900,82
DIESEL,44000,93
DIESEL,44100,86
DIESEL,44200,96
DIESEL,44300,86
DIESEL,44400,89
DIESEL,44500,93
DIESEL,44600,96
DIESEL,44700,83
DIESEL,44800,81
DIESEL,44900,94
DIESEL,45000,98
DIESEL,45100,90
DIESEL,45200,83
DIESEL,45300,92
DIESEL,45400,88
DIESEL,45500,98
DIESEL,45600,95
DIESEL,45700,98
DIESEL,45800,89
DIESEL,45900,88
DIESEL,46000,95
DIESEL,46100,87
DIESEL,46200,90
DIESEL,46300,95
DIESEL,46400,83
DIESEL,46500,97
DIESEL,46600,101
DIESEL,46700,97
DIESEL,46800,90
DIESEL,46900,88
DIESEL,47000,92
DIESEL,47100,90
DIESEL,47200,98
DIESEL,47300,89
DIESEL,47400,103
DIESEL,47500,94
DIESEL,47600,95
DIESEL,47700,92
DIESEL,47800,95
DIESEL,47900,104
DIESEL,48000,94
DIESEL,48100,104
DIESEL,48200,97
DIESEL,48300,89
DIESEL,48400,91
DIESEL,48500,90
DIESEL,48600,101
DIESEL,48700,96
DIESEL,48800,104
DIESEL,48900,97
DIESEL,49000,103
DIESEL,49100,96
DIESEL,49200,88
DIESEL,49300,89
DIESEL,49400,107
DIESEL,49500,93
DIESEL,49600,93
DIESEL,49700,107
DIESEL,49800,102
DIESEL,49900,91
DIESEL,50000,109
DIESEL,50100,98
DIESEL,50200,102
DIESEL,50300,100
DIESEL,50400,101
DIESEL,50500,102
DIESEL,50600,106
DIESEL,50700,94
DIESEL,50800,100
DIESEL,50900,108
DIESEL,51000,104
DIESEL,51100,92
DIESEL,51200,103
DIESEL,51300,106
DIESEL,51400,94
DIESEL,51500,110
DIESEL,51600,105
DIESEL,51700,93
DIESEL,51800,107
DIESEL,51900,105
DIESEL,52000,95
DIESEL,52100,112
DIESEL,52200,99
DIESEL,52300,107
DIESEL,52400,96
DIESEL,52500,98
DIESEL,52600,96
DIESEL,52700,115
DIESEL,52800,109
DIESEL,52900,109
DIESEL,53000,103
DIESEL,53100,99
DIESEL,53200,109
DIESEL,53300,116
DIESEL,53400,96
DIESEL,53500,99
DIESEL,53600,111
DIESEL,53700,100
DIESEL,53800,110
DIESEL,53900,105
DIESEL,54000,107
DIESEL,54100,98
DIESEL,54200,105
DIESEL,54300,105
DIESEL,54400,103
DIESEL,54500,99
DIESEL,54600,113
DIESEL,54700,115
DIESEL,54800,110
DIESEL,54900,107
DIESEL,55000,117
DIESEL,55100,118
DIESEL,55200,118
DIESEL,55300,109
DIESEL,55400,101
DIESEL,55500,112
DIESEL,55600,104
DIESEL,55700,104
DIESEL,55800,103
DIESEL,55900,107
DIESEL,56000,107
DIESEL,56100,103
DIESEL,56200,118
DIESEL,56300,118
DIESEL,56400,106
DIESEL,56500,113
DIESEL,56600,111
DIESEL,56700,103
DIESEL,56800,119
DIESEL,56900,119
DIESEL,57000,111
DIESEL,57100,114
DIESEL,57200,124
DIESEL,57300,103
DIESEL,57400,107
DIESEL,57500,114
DIESEL,57600,114
DIESEL,57700,126
DIESEL,57800,105
DIESEL,57900,126
DIESEL,58000,120
DIESEL,58100,111
DIESEL,58200,119
DIESEL,58300,108
DIESEL,58400,115
DIESEL,58500,116
DIESEL,58600,127
DIESEL,58700,113
DIESEL,58800,119
DIESEL,58900,123
DIESEL,59000,114
DIESEL,59100,126
DIESEL,59200,123
DIESEL,59300,130
DIESEL,59400,109
DIESEL,59500,109
DIESEL,59600,119
DIESEL,59700,110
DIESEL,59800,125
DIESEL,59900,118
DIESEL,60000,120
DIESEL,60100,122
DIESEL,60200,118
DIESEL,60300,124
DIESEL,60400,115
DIESEL,60500,126
DIESEL,60600,131
DIESEL,60700,110
DIESEL,60800,112
DIESEL,60900,127
DIESEL,61000,125
DIESEL,61100,134
DIESEL,61200,131
DIESEL,61300,110
DIESEL,61400,125
DIESEL,61500,123
DIESEL,61600,111
DIESEL,61700,132
DIESEL,61800,117
DIESEL,61900,133
DIESEL,62000,115
DIESEL,62100,135
DIESEL,62200,134
DIESEL,62300,134
DIESEL,62400,115
DIESEL,62500,127
DIESEL,62600,128
DIESEL,62700,119
DIESEL,62800,134
DIESEL,62900,113
DIESEL,63000,130
DIESEL,63100,127
DIESEL,63200,119
DIESEL,63300,130
DIESEL,63400,127
DIESEL,63500,132
DIESEL,63600,133
DIESEL,63700,120
DIESEL,63800,137
DIESEL,63900,118
DIESEL,64000,122
DIESEL,64100,120
DIESEL,64200,117
DIESEL,64300,117
DIESEL,64400,124
DIESEL,64500,128
DIESEL,64600,120
DIESEL,64700,120
DIESEL,64800,135
DIESEL,64900,141
DIESEL,65000,122
DIESEL,65100,127
DIESEL,65200,130
DIESEL,65300,133
DIESEL,65400,120
DIESEL,65500,138
DIESEL,65600,132
DIESEL,65700,125
DIESEL,65800,144
DIESEL,65900,126
DIESEL,66000,124
DIESEL,66100,136
DIESEL,66200,120
DIESEL,66300,130
DIESEL,66400,144
DIESEL,66500,120
DIESEL,66600,129
DIESEL,66700,131
DIESEL,66800,130
DIESEL,66900,121
DIESEL,67000,143
DIESEL,67100,128
DIESEL,67200,133
DIESEL,67300,128
DIESEL,67400,124
DIESEL,67500,122
DIESEL,67600,146
DIESEL,67700,129
DIESEL,67800,134
DIESEL,67900,127
DIESEL,68000,141
DIESEL,68100,148
DIESEL,68200,147
DIESEL,68300,129
DIESEL,68400,130
DIESEL,68500,141
DIESEL,68600,141
DIESEL,68700,133
DIESEL,68800,133
DIESEL,68900,142
DIESEL,69000,146
DIESEL,69100,148
DIESEL,69200,126
DIESEL,69300,124
DIESEL,69400,145
DIESEL,69500,136
DIESEL,69600,138
DIESEL,69700,126
DIESEL,69800,127
DIESEL,69900,126
DIESEL,70000,133
DIESEL,70100,127
DIESEL,70200,144
DIESEL,70300,147
DIESEL,70400,132
DIESEL,70500,143
DIESEL,70600,152
DIESEL,70700,152
DIESEL,70800,144
DIESEL,70900,145
DIESEL,71000,152
DIESEL,71100,137
DIESEL,71200,143
DIESEL,71300,156
DIESEL,71400,146
DIESEL,71500,153
DIESEL,71600,145
DIESEL,71700,140
DIESEL,71800,147
DIESEL,71900,131
DIESEL,72000,146
DIESEL,72100,144
DIESEL,72200,145
DIESEL,72300,136
DIESEL,72400,137
DIESEL,72500,152
DIESEL,72600,156
DIESEL,72700,140
DIESEL,72800,133
DIESEL,72900,144
DIESEL,73000,156
DIESEL,73100,146
DIESEL,73200,139
DIESEL,73300,136
DIESEL,73400,141
DIESEL,73500,148
DIESEL,73600,134
DIESEL,73700,141
DIESEL,73800,158
DIESEL,73900,160
DIESEL,74000,160
DIESEL,74100,142
DIESEL,74200,145
DIESEL,74300,135
DIESEL,74400,140
DIESEL,74500,151
DIESEL,74600,139
DIESEL,74700,162
DIESEL,74800,150
DIESEL,74900,156
DIESEL,75000,147
DIESEL,75100,140
DIESEL,75200,149
DIESEL,75300,144
DIESEL,75400,146
DIESEL,75500,145
DIESEL,75600,163
DIESEL,75700,154
DIESEL,75800,163
DIESEL,75900,150
DIESEL,76000,148
DIESEL,76100,153
DIESEL,76200,162
DIESEL,76300,137
DIESEL,76400,142
DIESEL,76500,153
DIESEL,76600,161
DIESEL,76700,146
DIESEL,76800,156
DIESEL,76900,151
DIESEL,77000,147
DIESEL,77100,154
DIESEL,77200,149
DIESEL,77300,165
DIESEL,77400,158
DIESEL,77500,151
DIESEL,77600,156
DIESEL,77700,147
DIESEL,77800,158
DIESEL,77900,159
DIESEL,78000,170
DIESEL,78100,150
DIESEL,78200,163
DIESEL,78300,154
DIESEL,78400,147
DIESEL,78500,154
DIESEL,78600,164
DIESEL,78700,168
DIESEL,78800,146
DIESEL,78900,148
DIESEL,79000,145
DIESEL,79100,161
DIESEL,79200,151
DIESEL,79300,174
DIESEL,79400,162
DIESEL,79500,148
DIESEL,79600,165
DIESEL,79700,146
DIESEL,79800,149
DIESEL,79900,166
DIESEL,80000,169
DIESEL,80100,168
DIESEL,80200,158
DIESEL,80300,155
DIESEL,80400,169
DIESEL,80500,152
DIESEL,80600,160
DIESEL,80700,148
DIESEL,80800,150
DIESEL,80900,150
DIESEL,81000,147
DIESEL,81100,155
DIESEL,81200,147
DIESEL,81300,160
DIESEL,81400,161
DIESEL,81500,177
DIESEL,81600,157
DIESEL,81700,178
DIESEL,81800,172
DIESEL,81900,169
DIESEL,82000,149
DIESEL,82100,164
DIESEL,82200,150
DIESEL,82300,156
DIESEL,82400,167
DIESEL,82500,178
DIESEL,82600,167
DIESEL,82700,159
DIESEL,82800,160
DIESEL,82900,154
DIESEL,83000,172
DIESEL,83100,164
DIESEL,83200,181
DIESEL,83300,156
DIESEL,83400,151
DIESEL,83500,175
DIESEL,83600,175
DIESEL,83700,150
DIESEL,83800,182
DIESEL,83900,173
DIESEL,84000,157
DIESEL,84100,167
DIESEL,84200,160
DIESEL,84300,178
DIESEL,84400,172
DIESEL,84500,173
DIESEL,84600,178
DIESEL,84700,162
DIESEL,84800,159
DIESEL,84900,165
DIESEL,85000,168
DIESEL,85100,163
DIESEL,85200,178
DIESEL,85300,184
DIESEL,85400,155
DIESEL,85500,179
DIESEL,85600,164
DIESEL,85700,186
DIESEL,85800,183
DIESEL,85900,158
DIESEL,86000,154
DIESEL,86100,164
DIESEL,86200,181
DIESEL,86300,166
DIESEL,86400,188
DIESEL,86500,170
DIESEL,86600,182
DIESEL,86700,163
DIESEL,86800,190
DIESEL,86900,184
DIESEL,87000,181
DIESEL,87100,183
DIESEL,87200,167
DIESEL,87300,190
DIESEL,87400,191
DIESEL,87500,178
DIESEL,87600,176
DIESEL,87700,189
DIESEL,87800,171
DIESEL,87900,191
DIESEL,88000,175
DIESEL,88100,181
DIESEL,88200,176
DIESEL,88300,186
DIESEL,88400,189
DIESEL,88500,166
DIESEL,88600,172
DIESEL,88700,194
DIESEL,88800,175
DIESEL,88900,176
DIESEL,89000,164
DIESEL,89100,192
DIESEL,89200,163
DIESEL,89300,187
DIESEL,89400,167
DIESEL,89500,196
DIESEL,89600,167
DIESEL,89700,176
DIESEL,89800,164
DIESEL,89900,168
DIESEL,90000,172
DIESEL,90100,183
DIESEL,90200,166
DIESEL,90300,176
DIESEL,90400,166
DIESEL,90500,166
DIESEL,90600,195
DIESEL,90700,189
DIESEL,90800,166
DIESEL,90900,186
DIESEL,91000,189
DIESEL,91100,190
DIESEL,91200,192
DIESEL,91300,192
DIESEL,91400,190
DIESEL,91500,168
DIESEL,91600,184
DIESEL,91700,199
DIESEL,91800,174
DIESEL,91900,185
DIESEL,92000,186
DIESEL,92100,192
DIESEL,92200,198
DIESEL,92300,197
DIESEL,92400,195
DIESEL,92500,181
DIESEL,92600,200
DIESEL,92700,177
DIESEL,92800,180
DIESEL,92900,170
DIESEL,93000,167
DIESEL,93100,175
DIESEL,93200,202
DIESEL,93300,201
DIESEL,93400,202
DIESEL,93500,179
DIESEL,93600,178
DIESEL,93700,173
DIESEL,93800,191
DIESEL,93900,190
DIESEL,94000,178
DIESEL,94100,190
DIESEL,94200,169
DIESEL,94300,179
DIESEL,94400,192
DIESEL,94500,179
DIESEL,94600,176
DIESEL,94700,189
DIESEL,94800,194
DIESEL,94900,172
DIESEL,95000,177
DIESEL,95100,182
DIESEL,95200,196
DIESEL,95300,206
DIESEL,95400,175
DIESEL,95500,180
DIESEL,95600,189
DIESEL,95700,197
DIESEL,95800,186
DIESEL,95900,175
DIESEL,96000,177
DIESEL,96100,206
DIESEL,96200,186
DIESEL,96300,196
DIESEL,96400,197
DIESEL,96500,189
DIESEL,96600,178
DIESEL,96700,176
DIESEL,96800,196
DIESEL,96900,192
DIESEL,97000,191
DIESEL,97100,185
DIESEL,97200,188
DIESEL,97300,198
DIESEL,97400,191
DIESEL,97500,200
DIESEL,97600,188
DIESEL,97700,207
DIESEL,97800,200
DIESEL,97900,196
DIESEL,98000,180
DIESEL,98100,202
DIESEL,98200,182
DIESEL,98300,194
DIESEL,98400,188
DIESEL,98500,180
DIESEL,98600,210
DIESEL,98700,197
DIESEL,98800,184
DIESEL,98900,178
DIESEL,99000,203
DIESEL,99100,185
DIESEL,99200,196
DIESEL,99300,179
DIESEL,99400,180
DIESEL,99500,183
DIESEL,99600,183
DIESEL,99700,207
DIESEL,99800,217
DIESEL,99900,190
BATTERY_ELECTRIC,1000,2
BATTERY_ELECTRIC,1100,3
BATTERY_ELECTRIC,1200,3
BATTERY_ELECTRIC,1300,4
BATTERY_ELECTRIC,1400,3
BATTERY_ELECTRIC,1500,4
BATTERY_ELECTRIC,1600,4
BATTERY_ELECTRIC,1700,4
BATTERY_ELECTRIC,1800,5
BATTERY_ELECTRIC,1900,5
BATTERY_ELECTRIC,2000,5
BATTERY_ELECTRIC,2100,6
BATTERY_ELECTRIC,2200,7
BATTERY_ELECTRIC,2300,7
BATTERY_ELECTRIC,2400,6
BATTERY_ELECTRIC,2500,7
BATTERY_ELECTRIC,2600,8
BATTERY_ELECTRIC,2700,7
BATTERY_ELECTRIC,2800,7
BATTERY_ELECTRIC,2900,7
BATTERY_ELECTRIC,3000,9
BATTERY_ELECTRIC,3100,9
BATTERY_ELECTRIC,3200,8
BATTERY_ELECTRIC,3300,9
BATTERY_ELECTRIC,3400,10
BATTERY_ELECTRIC,3500,11
BATTERY_ELECTRIC,3600,11
BATTERY_ELECTRIC,3700,10
BATTERY_ELECTRIC,3800,11
BATTERY_ELECTRIC,3900,11
BATTERY_ELECTRIC,4000,12
BATTERY_ELECTRIC,4100,11
BATTERY_ELECTRIC,4200,13
BATTERY_ELECTRIC,4300,12
BATTERY_ELECTRIC,4400,11
BATTERY_ELECTRIC,4500,13
BATTERY_ELECTRIC,4600,12
BATTERY_ELECTRIC,4700,14
BATTERY_ELECTRIC,4800,15
BATTERY_ELECTRIC,4900,14
BATTERY_ELECTRIC,5000,15
BATTERY_ELECTRIC,5100,15
BATTERY_ELECTRIC,5200,14
BATTERY_ELECTRIC,5300,14
BATTERY_ELECTRIC,5400,16
BATTERY_ELECTRIC,5500,17
BATTERY_ELECTRIC,5600,15
BATTERY_ELECTRIC,5700,18
BATTERY_ELECTRIC,5800,16
BATTERY_ELECTRIC,5900,16
BATTERY_ELECTRIC,6000,19
BATTERY_ELECTRIC,6100,17
BATTERY_ELECTRIC,6200,18
BATTERY_ELECTRIC,6300,19
BATTERY_ELECTRIC,6400,20
BATTERY_ELECTRIC,6500,18
BATTERY_ELECTRIC,6600,21
BATTERY_ELECTRIC,6700,21
BATTERY_ELECTRIC,6800,20
BATTERY_ELECTRIC,6900,19
BATTERY_ELECTRIC,7000,20
BATTERY_ELECTRIC,7100,21
BATTERY_ELECTRIC,7200,22
BATTERY_ELECTRIC,7300,20
BATTERY_ELECTRIC,7400,23
BATTERY_ELECTRIC,7500,24
BATTERY_ELECTRIC,7600,20
BATTERY_ELECTRIC,7700,20
BATTERY_ELECTRIC,7800,21
BATTERY_ELECTRIC,7900,23
BATTERY_ELECTRIC,8000,22
BATTERY_ELECTRIC,8100,25
BATTERY_ELECTRIC,8200,22
BATTERY_ELECTRIC,8300,25
BATTERY_ELECTRIC,8400,25
BATTERY_ELECTRIC,8500,27
BATTERY_ELECTRIC,8600,24
BATTERY_ELECTRIC,8700,28
BATTERY_ELECTRIC,8800,27
BATTERY_ELECTRIC,8900,26
BATTERY_ELECTRIC,9000,25
BATTERY_ELECTRIC,9100,29
BATTERY_ELECTRIC,9200,28
BATTERY_ELECTRIC,9300,30
BATTERY_ELECTRIC,9400,30
BATTERY_ELECTRIC,9500,29
BATTERY_ELECTRIC,9600,28
BATTERY_ELECTRIC,9700,30
BATTERY_ELECTRIC,9800,29
BATTERY_ELECTRIC,9900,32
BATTERY_ELECTRIC,10000,29
BATTERY_ELECTRIC,10100,32
BATTERY_ELECTRIC,10200,27
BATTERY_ELECTRIC,10300,30
BATTERY_ELECTRIC,10400,32
BATTERY_ELECTRIC,10500,29
BATTERY_ELECTRIC,10600,33
BATTERY_ELECTRIC,10700,30
BATTERY_ELECTRIC,10800,29
BATTERY_ELECTRIC,10900,31
BATTERY_ELECTRIC,11000,31
BATTERY_ELECTRIC,11100,30
BATTERY_ELECTRIC,11200,36
BATTERY_ELECTRIC,11300,34
BATTERY_ELECTRIC,11400,32
BATTERY_ELECTRIC,11500,32
BATTERY_ELECTRIC,11600,34
BATTERY_ELECTRIC,11700,34
BATTERY_ELECTRIC,11800,33
BATTERY_ELECTRIC,11900,32
BATTERY_ELECTRIC,12000,39
BATTERY_ELECTRIC,12100,37
BATTERY_ELECTRIC,12200,35
BATTERY_ELECTRIC,12300,38
BATTERY_ELECTRIC,12400,38
BATTERY_ELECTRIC,12500,40
BATTERY_ELECTRIC,12600,41
BATTERY_ELECTRIC,12700,36
BATTERY_ELECTRIC,12800,38
BATTERY_ELECTRIC,12900,37
BATTERY_ELECTRIC,13000,40
BATTERY_ELECTRIC,13100,39
BATTERY_ELECTRIC,13200,38
BATTERY_ELECTRIC,13300,38
BATTERY_ELECTRIC,13400,42
BATTERY_ELECTRIC,13500,41
BATTERY_ELECTRIC,13600,39
BATTERY_ELECTRIC,13700,44
BATTERY_ELECTRIC,13800,41
BATTERY_ELECTRIC,13900,41
BATTERY_ELECTRIC,14000,45
BATTERY_ELECTRIC,14100,40
BATTERY_ELECTRIC,14200,44
BATTERY_ELECTRIC,14300,44
BATTERY_ELECTRIC,14400,38
BATTERY_ELECTRIC,14500,39
BATTERY_ELECTRIC,14600,45
BATTERY_ELECTRIC,14700,45
BATTERY_ELECTRIC,14800,43
BATTERY_ELECTRIC,14900,47
BATTERY_ELECTRIC,15000,42
BATTERY_ELECTRIC,15100,42
BATTERY_ELECTRIC,15200,44
BATTERY_ELECTRIC,15300,42
BATTERY_ELECTRIC,15400,49
BATTERY_ELECTRIC,15500,45
BATTERY_ELECTRIC,15600,44
BATTERY_ELECTRIC,15700,50
BATTERY_ELECTRIC,15800,44
BATTERY_ELECTRIC,15900,44
BATTERY_ELECTRIC,16000,50
BATTERY_ELECTRIC,16100,47
BATTERY_ELECTRIC,16200,48
BATTERY_ELECTRIC,16300,45
BATTERY_ELECTRIC,16400,52
BATTERY_ELECTRIC,16500,45
BATTERY_ELECTRIC,16600,48
BATTERY_ELECTRIC,16700,55
BATTERY_ELECTRIC,16800,51
BATTERY_ELECTRIC,16900,53
BATTERY_ELECTRIC,17000,47
BATTERY_ELECTRIC,17100,52
BATTERY_ELECTRIC,17200,55
BATTERY_ELECTRIC,17300,54
BATTERY_ELECTRIC,17400,47
BATTERY_ELECTRIC,17500,54
BATTERY_ELECTRIC,17600,54
BATTERY_ELECTRIC,17700,57
BATTERY_ELECTRIC,17800,55
BATTERY_ELECTRIC,17900,57
BATTERY_ELECTRIC,18000,53
BATTERY_ELECTRIC,18100,56
BATTERY_ELECTRIC,18200,58
BATTERY_ELECTRIC,18300,54
BATTERY_ELECTRIC,18400,57
BATTERY_ELECTRIC,18500,57
BATTERY_ELECTRIC,18600,57
BATTERY_ELECTRIC,18700,56
BATTERY_ELECTRIC,18800,57
BATTERY_ELECTRIC,18900,57
BATTERY_ELECTRIC,19000,51
BATTERY_ELECTRIC,19100,60
BATTERY_ELECTRIC,19200,56
BATTERY_ELECTRIC,19300,55
BATTERY_ELECTRIC,19400,54
BATTERY_ELECTRIC,19500,62
BATTERY_ELECTRIC,19600,58
BATTERY_ELECTRIC,19700,63
BATTERY_ELECTRIC,19800,57
BATTERY_ELECTRIC,19900,55
BATTERY_ELECTRIC,20000,59
BATTERY_ELECTRIC,20100,58
BATTERY_ELECTRIC,20200,58
BATTERY_ELECTRIC,20300,62
BATTERY_ELECTRIC,20400,64
BATTERY_ELECTRIC,20500,57
BATTERY_ELECTRIC,20600,61
BATTERY_ELECTRIC,20700,66
BATTERY_ELECTRIC,20800,66
BATTERY_ELECTRIC,20900,66
BATTERY_ELECTRIC,21000,58
BATTERY_ELECTRIC,21100,69
BATTERY_ELECTRIC,21200,58
BATTERY_ELECTRIC,21300,67
BATTERY_ELECTRIC,21400,66
BATTERY_ELECTRIC,21500,67
BATTERY_ELECTRIC,21600,60
BATTERY_ELECTRIC,21700,60
BATTERY_ELECTRIC,21800,61
BATTERY_ELECTRIC,21900,65
BATTERY_ELECTRIC,22000,71
BATTERY_ELECTRIC,22100,68
BATTERY_ELECTRIC,22200,71
BATTERY_ELECTRIC,22300,62
BATTERY_ELECTRIC,22400,73
BATTERY_ELECTRIC,22500,65
BATTERY_ELECTRIC,22600,65
BATTERY_ELECTRIC,22700,68
BATTERY_ELECTRIC,22800,67
BATTERY_ELECTRIC,22900,68
BATTERY_ELECTRIC,23000,62
BATTERY_ELECTRIC,23100,62
BATTERY_ELECTRIC,23200,75
BATTERY_ELECTRIC,23300,68
BATTERY_ELECTRIC,23400,68
BATTERY_ELECTRIC,23500,74
BATTERY_ELECTRIC,23600,70
BATTERY_ELECTRIC,23700,73
BATTERY_ELECTRIC,23800,64
BATTERY_ELECTRIC,23900,67
BATTERY_ELECTRIC,24000,66
BATTERY_ELECTRIC,24100,74
BATTERY_ELECTRIC,24200,70
BATTERY_ELECTRIC,24300,75
BATTERY_ELECTRIC,24400,67
BATTERY_ELECTRIC,24500,69
BATTERY_ELECTRIC,24600,72
BATTERY_ELECTRIC,24700,74
BATTERY_ELECTRIC,24800,76
BATTERY_ELECTRIC,24900,70
BATTERY_ELECTRIC,25000,74
BATTERY_ELECTRIC,25100,81
BATTERY_ELECTRIC,25200,70
BATTERY_ELECTRIC,25300,77
BATTERY_ELECTRIC,25400,75
BATTERY_ELECTRIC,25500,83
BATTERY_ELECTRIC,25600,77
BATTERY_ELECTRIC,25700,69
BATTERY_ELECTRIC,25800,78
BATTERY_ELECTRIC,25900,76
BATTERY_ELECTRIC,26000,79
BATTERY_ELECTRIC,26100,81
BATTERY_ELECTRIC,26200,83
BATTERY_ELECTRIC,26300,76
BATTERY_ELECTRIC,26400,74
BATTERY_ELECTRIC,26500,74
BATTERY_ELECTRIC,26600,85
BATTERY_ELECTRIC,26700,72
BATTERY_ELECTRIC,26800,75
BATTERY_ELECTRIC,26900,81
BATTERY_ELECTRIC,27000,74
BATTERY_ELECTRIC,27100,73
BATTERY_ELECTRIC,27200,79
BATTERY_ELECTRIC,27300,85
BATTERY_ELECTRIC,27400,78
BATTERY_ELECTRIC,27500,85
BATTERY_ELECTRIC,27600,85
BATTERY_ELECTRIC,27700,81
BATTERY_ELECTRIC,27800,82
BATTERY_ELECTRIC,27900,85
BATTERY_ELECTRIC,28000,92
BATTERY_ELECTRIC,28100,87
BATTERY_ELECTRIC,28200,92
BATTERY_ELECTRIC,28300,91
BATTERY_ELECTRIC,28400,93
BATTERY_ELECTRIC,28500,88
BATTERY_ELECTRIC,28600,78
BATTERY_ELECTRIC,28700,79
BATTERY_ELECTRIC,28800,89
BATTERY_ELECTRIC,28900,79
BATTERY_ELECTRIC,29000,92
BATTERY_ELECTRIC,29100,93
BATTERY_ELECTRIC,29200,89
BATTERY_ELECTRIC,29300,91
BATTERY_ELECTRIC,29400,95
BATTERY_ELECTRIC,29500,80
BATTERY_ELECTRIC,29600,91
BATTERY_ELECTRIC,29700,89
BATTERY_ELECTRIC,29800,85
BATTERY_ELECTRIC,29900,87
BATTERY_ELECTRIC,30000,91
BATTERY_ELECTRIC,30100,83
BATTERY_ELECTRIC,30200,97
BATTERY_ELECTRIC,30300,97
BATTERY_ELECTRIC,30400,100
BATTERY_ELECTRIC,30500,92
BATTERY_ELECTRIC,30600,100
BATTERY_ELECTRIC,30700,89
BATTERY_ELECTRIC,30800,94
BATTERY_ELECTRIC,30900,86
BATTERY_ELECTRIC,31000,99
BATTERY_ELECTRIC,31100,84
BATTERY_ELECTRIC,31200,95
BATTERY_ELECTRIC,31300,87
BATTERY_ELECTRIC,31400,94
BATTERY_ELECTRIC,31500,96
BATTERY_ELECTRIC,31600,98
BATTERY_ELECTRIC,31700,103
BATTERY_ELECTRIC,31800,95
BATTERY_ELECTRIC,31900,89
BATTERY_ELECTRIC,32000,91
BATTERY_ELECTRIC,32100,91
BATTERY_ELECTRIC,32200,95
BATTERY_ELECTRIC,32300,99
BATTERY_ELECTRIC,32400,95
BATTERY_ELECTRIC,32500,91
BATTERY_ELECTRIC,32600,98
BATTERY_ELECTRIC,32700,96
BATTERY_ELECTRIC,32800,105
BATTERY_ELECTRIC,32900,107
BATTERY_ELECTRIC,33000,102
BATTERY_ELECTRIC,33100,108
BATTERY_ELECTRIC,33200,105
BATTERY_ELECTRIC,33300,94
BATTERY_ELECTRIC,33400,108
BATTERY_ELECTRIC,33500,100
BATTERY_ELECTRIC,33600,102
BATTERY_ELECTRIC,33700,98
BATTERY_ELECTRIC,33800,106
BATTERY_ELECTRIC,33900,105
BATTERY_ELECTRIC,34000,106
BATTERY_ELECTRIC,34100,95
BATTERY_ELECTRIC,34200,101
BATTERY_ELECTRIC,34300,96
BATTERY_ELECTRIC,34400,93
BATTERY_ELECTRIC,34500,107
BATTERY_ELECTRIC,34600,104
BATTERY_ELECTRIC,34700,102
BATTERY_ELECTRIC,34800,104
BATTERY_ELECTRIC,34900,107
BATTERY_ELECTRIC,35000,101
BATTERY_ELECTRIC,35100,104
BATTERY_ELECTRIC,35200,96
BATTERY_ELECTRIC,35300,108
BATTERY_ELECTRIC,35400,99
BATTERY_ELECTRIC,35500,116
BATTERY_ELECTRIC,35600,113
BATTERY_ELECTRIC,35700,113
BATTERY_ELECTRIC,35800,100
BATTERY_ELECTRIC,35900,109
BATTERY_ELECTRIC,36000,97
BATTERY_ELECTRIC,36100,102
BATTERY_ELECTRIC,36200,111
BATTERY_ELECTRIC,36300,108
BATTERY_ELECTRIC,36400,101
BATTERY_ELECTRIC,36500,112
BATTERY_ELECTRIC,36600,102
BATTERY_ELECTRIC,36700,103
BATTERY_ELECTRIC,36800,104
BATTERY_ELECTRIC,36900,110
BATTERY_ELECTRIC,37000,110
BATTERY_ELECTRIC,37100,109
BATTERY_ELECTRIC,37200,107
BATTERY_ELECTRIC,37300,107
BATTERY_ELECTRIC,37400,109
BATTERY_ELECTRIC,37500,112
BATTERY_ELECTRIC,37600,109
BATTERY_ELECTRIC,37700,113
BATTERY_ELECTRIC,37800,122
BATTERY_ELECTRIC,37900,107
BATTERY_ELECTRIC,38000,117
BATTERY_ELECTRIC,38100,122
BATTERY_ELECTRIC,38200,110
BATTERY_ELECTRIC,38300,118
BATTERY_ELECTRIC,38400,110
BATTERY_ELECTRIC,38500,107
BATTERY_ELECTRIC,38600,112
BATTERY_ELECTRIC,38700,116
BATTERY_ELECTRIC,38800,124
BATTERY_ELECTRIC,38900,122
BATTERY_ELECTRIC,39000,113
BATTERY_ELECTRIC,39100,118
BATTERY_ELECTRIC,39200,116
BATTERY_ELECTRIC,39300,127
BATTERY_ELECTRIC,39400,127
BATTERY_ELECTRIC,39500,116
BATTERY_ELECTRIC,39600,118
BATTERY_ELECTRIC,39700,109
BATTERY_ELECTRIC,39800,116
BATTERY_ELECTRIC,39900,129
BATTERY_ELECTRIC,40000,109
BATTERY_ELECTRIC,40100,131
BATTERY_ELECTRIC,40200,127
BATTERY_ELECTRIC,40300,113
BATTERY_ELECTRIC,40400,128
BATTERY_ELECTRIC,40500,129
BATTERY_ELECTRIC,40600,133
BATTERY_ELECTRIC,40700,117
BATTERY_ELECTRIC,40800,119
BATTERY_ELECTRIC,40900,133
BATTERY_ELECTRIC,41000,112
BATTERY_ELECTRIC,41100,133
BATTERY_ELECTRIC,41200,127
BATTERY_ELECTRIC,41300,111
BATTERY_ELECTRIC,41400,119
BATTERY_ELECTRIC,41500,136
BATTERY_ELECTRIC,41600,118
BATTERY_ELECTRIC,41700,133
BATTERY_ELECTRIC,41800,125
BATTERY_ELECTRIC,41900,120
BATTERY_ELECTRIC,42000,119
BATTERY_ELECTRIC,42100,123
BATTERY_ELECTRIC,42200,115
BATTERY_ELECTRIC,42300,117
BATTERY_ELECTRIC,42400,123
BATTERY_ELECTRIC,42500,122
BATTERY_ELECTRIC,42600,140
BATTERY_ELECTRIC,42700,127
BATTERY_ELECTRIC,42800,121
BATTERY_ELECTRIC,42900,116
BATTERY_ELECTRIC,43000,131
BATTERY_ELECTRIC,43100,131
BATTERY_ELECTRIC,43200,119
BATTERY_ELECTRIC,43300,122
BATTERY_ELECTRIC,43400,135
BATTERY_ELECTRIC,43500,132
BATTERY_ELECTRIC,43600,129
BATTERY_ELECTRIC,43700,134
BATTERY_ELECTRIC,43800,118
BATTERY_ELECTRIC,43900,133
BATTERY_ELECTRIC,44000,127
BATTERY_ELECTRIC,44100,145
BATTERY_ELECTRIC,44200,121
BATTERY_ELECTRIC,44300,133
BATTERY_ELECTRIC,44400,128
BATTERY_ELECTRIC,44500,134
BATTERY_ELECTRIC,44600,121
BATTERY_ELECTRIC,44700,124
BATTERY_ELECTRIC,44800,135
BATTERY_ELECTRIC,44900,126
BATTERY_ELECTRIC,45000,141
BATTERY_ELECTRIC,45100,137
BATTERY_ELECTRIC,45200,125
BATTERY_ELECTRIC,45300,123
BATTERY_ELECTRIC,45400,136
BATTERY_ELECTRIC,45500,132
BATTERY_ELECTRIC,45600,127
BATTERY_ELECTRIC,45700,132
BATTERY_ELECTRIC,45800,125
BATTERY_ELECTRIC,45900,139
BATTERY_ELECTRIC,46000,137
BATTERY_ELECTRIC,46100,136
BATTERY_ELECTRIC,46200,129
BATTERY_ELECTRIC,46300,137
BATTERY_ELECTRIC,46400,133
BATTERY_ELECTRIC,46500,136
BATTERY_ELECTRIC,46600,133
BATTERY_ELECTRIC,46700,140
BATTERY_ELECTRIC,46800,151
BATTERY_ELECTRIC,46900,142
BATTERY_ELECTRIC,47000,152
BATTERY_ELECTRIC,47100,140
BATTERY_ELECTRIC,47200,146
BATTERY_ELECTRIC,47300,130
BATTERY_ELECTRIC,47400,151
BATTERY_ELECTRIC,47500,152
BATTERY_ELECTRIC,47600,139
BATTERY_ELECTRIC,47700,156
BATTERY_ELECTRIC,47800,139
BATTERY_ELECTRIC,47900,133
BATTERY_ELECTRIC,48000,135
BATTERY_ELECTRIC,48100,136
BATTERY_ELECTRIC,48200,138
BATTERY_ELECTRIC,48300,135
BATTERY_ELECTRIC,48400,145
BATTERY_ELECTRIC,48500,140
BATTERY_ELECTRIC,48600,142
BATTERY_ELECTRIC,48700,143
BATTERY_ELECTRIC,48800,146
BATTERY_ELECTRIC,48900,160
BATTERY_ELECTRIC,49000,150
BATTERY_ELECTRIC,49100,161
BATTERY_ELECTRIC,49200,141
BATTERY_ELECTRIC,49300,136
BATTERY_ELECTRIC,49400,137
BATTERY_ELECTRIC,49500,152
BATTERY_ELECTRIC,49600,137
BATTERY_ELECTRIC,49700,161
BATTERY_ELECTRIC,49800,135
BATTERY_ELECTRIC,49900,144
BATTERY_ELECTRIC,50000,141
BATTERY_ELECTRIC,50100,136
BATTERY_ELECTRIC,50200,136
BATTERY_ELECTRIC,50300,147
BATTERY_ELECTRIC,50400,151
BATTERY_ELECTRIC,50500,141
BATTERY_ELECTRIC,50600,151
BATTERY_ELECTRIC,50700,143
BATTERY_ELECTRIC,50800,142
BATTERY_ELECTRIC,50900,154
BATTERY_ELECTRIC,51000,168
BATTERY_ELECTRIC,51100,150
BATTERY_ELECTRIC,51200,164
BATTERY_ELECTRIC,51300,141
BATTERY_ELECTRIC,51400,168
BATTERY_ELECTRIC,51500,167
BATTERY_ELECTRIC,51600,167
BATTERY_ELECTRIC,51700,167
BATTERY_ELECTRIC,51800,154
BATTERY_ELECTRIC,51900,151
BATTERY_ELECTRIC,52000,157
BATTERY_ELECTRIC,52100,145
BATTERY_ELECTRIC,52200,160
BATTERY_ELECTRIC,52300,143
BATTERY_ELECTRIC,52400,149
BATTERY_ELECTRIC,52500,166
BATTERY_ELECTRIC,52600,156
BATTERY_ELECTRIC,52700,160
BATTERY_ELECTRIC,52800,165
BATTERY_ELECTRIC,52900,160
BATTERY_ELECTRIC,53000,154
BATTERY_ELECTRIC,53100,158
BATTERY_ELECTRIC,53200,151
BATTERY_ELECTRIC,53300,147
BATTERY_ELECTRIC,53400,156
BATTERY_ELECTRIC,53500,151
BATTERY_ELECTRIC,53600,162
BATTERY_ELECTRIC,53700,165
BATTERY_ELECTRIC,53800,160
BATTERY_ELECTRIC,53900,166
BATTERY_ELECTRIC,54000,148
BATTERY_ELECTRIC,54100,149
BATTERY_ELECTRIC,54200,160
BATTERY_ELECTRIC,54300,174
BATTERY_ELECTRIC,54400,160
BATTERY_ELECTRIC,54500,169
BATTERY_ELECTRIC,54600,175
BATTERY_ELECTRIC,54700,173
BATTERY_ELECTRIC,54800,149
BATTERY_ELECTRIC,54900,167
BATTERY_ELECTRIC,55000,168
BATTERY_ELECTRIC,55100,152
BATTERY_ELECTRIC,55200,171
BATTERY_ELECTRIC,55300,156
BATTERY_ELECTRIC,55400,160
BATTERY_ELECTRIC,55500,168
BATTERY_ELECTRIC,55600,157
BATTERY_ELECTRIC,55700,166
BATTERY_ELECTRIC,55800,181
BATTERY_ELECTRIC,55900,168
BATTERY_ELECTRIC,56000,170
BATTERY_ELECTRIC,56100,167
BATTERY_ELECTRIC,56200,171
BATTERY_ELECTRIC,56300,162
BATTERY_ELECTRIC,56400,176
BATTERY_ELECTRIC,56500,167
BATTERY_ELECTRIC,56600,160
BATTERY_ELECTRIC,56700,183
BATTERY_ELECTRIC,56800,169
BATTERY_ELECTRIC,56900,185
BATTERY_ELECTRIC,57000,169
BATTERY_ELECTRIC,57100,164
BATTERY_ELECTRIC,57200,179
BATTERY_ELECTRIC,57300,169
BATTERY_ELECTRIC,57400,160
BATTERY_ELECTRIC,57500,175
BATTERY_ELECTRIC,57600,183
BATTERY_ELECTRIC,57700,184
BATTERY_ELECTRIC,57800,186
BATTERY_ELECTRIC,57900,183
BATTERY_ELECTRIC,58000,175
BATTERY_ELECTRIC,58100,157
BATTERY_ELECTRIC,58200,159
BATTERY_ELECTRIC,58300,168
BATTERY_ELECTRIC,58400,174
BATTERY_ELECTRIC,58500,174
BATTERY_ELECTRIC,58600,159
BATTERY_ELECTRIC,58700,161
BATTERY_ELECTRIC,58800,186
BATTERY_ELECTRIC,58900,169
BATTERY_ELECTRIC,59000,193
BATTERY_ELECTRIC,59100,189
BATTERY_ELECTRIC,59200,195
BATTERY_ELECTRIC,59300,171
BATTERY_ELECTRIC,59400,187
BATTERY_ELECTRIC,59500,176
BATTERY_ELECTRIC,59600,169
BATTERY_ELECTRIC,59700,195
BATTERY_ELECTRIC,59800,181
BATTERY_ELECTRIC,59900,192
BATTERY_ELECTRIC,60000,170
BATTERY_ELECTRIC,60100,178
BATTERY_ELECTRIC,60200,184
BATTERY_ELECTRIC,60300,188
BATTERY_ELECTRIC,60400,189
BATTERY_ELECTRIC,60500,188
BATTERY_ELECTRIC,60600,175
BATTERY_ELECTRIC,60700,193
BATTERY_ELECTRIC,60800,177
BATTERY_ELECTRIC,60900,168
BATTERY_ELECTRIC,61000,174
BATTERY_ELECTRIC,61100,169
BATTERY_ELECTRIC,61200,200
BATTERY_ELECTRIC,61300,166
BATTERY_ELECTRIC,61400,172
BATTERY_ELECTRIC,61500,168
BATTERY_ELECTRIC,61600,185
BATTERY_ELECTRIC,61700,193
BATTERY_ELECTRIC,61800,173
BATTERY_ELECTRIC,61900,176
BATTERY_ELECTRIC,62000,195
BATTERY_ELECTRIC,62100,197
BATTERY_ELECTRIC,62200,184
BATTERY_ELECTRIC,62300,182
BATTERY_ELECTRIC,62400,189
BATTERY_ELECTRIC,62500,203
BATTERY_ELECTRIC,62600,194
BATTERY_ELECTRIC,62700,189
BATTERY_ELECTRIC,62800,178
BATTERY_ELECTRIC,62900,200
BATTERY_ELECTRIC,63000,205
BATTERY_ELECTRIC,63100,188
BATTERY_ELECTRIC,63200,187
BATTERY_ELECTRIC,63300,186
BATTERY_ELECTRIC,63400,191
BATTERY_ELECTRIC,63500,192
BATTERY_ELECTRIC,63600,192
BATTERY_ELECTRIC,63700,193
BATTERY_ELECTRIC,63800,192
BATTERY_ELECTRIC,63900,197
BATTERY_ELECTRIC,64000,208
BATTERY_ELECTRIC,64100,203
BATTERY_ELECTRIC,64200,192
BATTERY_ELECTRIC,64300,188
BATTERY_ELECTRIC,64400,200
BATTERY_ELECTRIC,64500,195
BATTERY_ELECTRIC,64600,175
BATTERY_ELECTRIC,64700,185
BATTERY_ELECTRIC,64800,209
BATTERY_ELECTRIC,64900,175
BATTERY_ELECTRIC,65000,201
BATTERY_ELECTRIC,65100,210
BATTERY_ELECTRIC,65200,193
BATTERY_ELECTRIC,65300,181
BATTERY_ELECTRIC,65400,180
BATTERY_ELECTRIC,65500,213
BATTERY_ELECTRIC,65600,214
BATTERY_ELECTRIC,65700,189
BATTERY_ELECTRIC,65800,187
BATTERY_ELECTRIC,65900,187
BATTERY_ELECTRIC,66000,211
BATTERY_ELECTRIC,66100,204
BATTERY_ELECTRIC,66200,181
BATTERY_ELECTRIC,66300,187
BATTERY_ELECTRIC,66400,196
BATTERY_ELECTRIC,66500,198
BATTERY_ELECTRIC,66600,185
BATTERY_ELECTRIC,66700,188
BATTERY_ELECTRIC,66800,212
BATTERY_ELECTRIC,66900,201
BATTERY_ELECTRIC,67000,185
BATTERY_ELECTRIC,67100,189
BATTERY_ELECTRIC,67200,216
BATTERY_ELECTRIC,67300,216
BATTERY_ELECTRIC,67400,198
BATTERY_ELECTRIC,67500,201
BATTERY_ELECTRIC,67600,199
BATTERY_ELECTRIC,67700,198
BATTERY_ELECTRIC,67800,204
BATTERY_ELECTRIC,67900,211
BATTERY_ELECTRIC,68000,191
BATTERY_ELECTRIC,68100,204
BATTERY_ELECTRIC,68200,203
BATTERY_ELECTRIC,68300,194
BATTERY_ELECTRIC,68400,207
BATTERY_ELECTRIC,68500,224
BATTERY_ELECTRIC,68600,211
BATTERY_ELECTRIC,68700,192
BATTERY_ELECTRIC,68800,194
BATTERY_ELECTRIC,68900,212
BATTERY_ELECTRIC,69000,188
BATTERY_ELECTRIC,69100,201
BATTERY_ELECTRIC,69200,213
BATTERY_ELECTRIC,69300,203
BATTERY_ELECTRIC,69400,218
BATTERY_ELECTRIC,69500,216
BATTERY_ELECTRIC,69600,193
BATTERY_ELECTRIC,69700,205
BATTERY_ELECTRIC,69800,209
BATTERY_ELECTRIC,69900,208
BATTERY_ELECTRIC,70000,193
BATTERY_ELECTRIC,70100,224
BATTERY_ELECTRIC,70200,225
BATTERY_ELECTRIC,70300,191
BATTERY_ELECTRIC,70400,213
BATTERY_ELECTRIC,70500,201
BATTERY_ELECTRIC,70600,204
BATTERY_ELECTRIC,70700,209
BATTERY_ELECTRIC,70800,201
BATTERY_ELECTRIC,70900,207
BATTERY_ELECTRIC,71000,231
BATTERY_ELECTRIC,71100,199
BATTERY_ELECTRIC,71200,220
BATTERY_ELECTRIC,71300,200
BATTERY_ELECTRIC,71400,194
BATTERY_ELECTRIC,71500,218
BATTERY_ELECTRIC,71600,205
BATTERY_ELECTRIC,71700,235
BATTERY_ELECTRIC,71800,212
BATTERY_ELECTRIC,71900,199
BATTERY_ELECTRIC,72000,216
BATTERY_ELECTRIC,72100,204
BATTERY_ELECTRIC,72200,208
BATTERY_ELECTRIC,72300,207
BATTERY_ELECTRIC,72400,206
BATTERY_ELECTRIC,72500,214
BATTERY_ELECTRIC,72600,239
BATTERY_ELECTRIC,72700,235
BATTERY_ELECTRIC,72800,203
BATTERY_ELECTRIC,72900,207
BATTERY_ELECTRIC,73000,203
BATTERY_ELECTRIC,73100,224
BATTERY_ELECTRIC,73200,211
BATTERY_ELECTRIC,73300,202
BATTERY_ELECTRIC,73400,220
BATTERY_ELECTRIC,73500,224
BATTERY_ELECTRIC,73600,232
BATTERY_ELECTRIC,73700,225
BATTERY_ELECTRIC,73800,227
BATTERY_ELECTRIC,73900,226
BATTERY_ELECTRIC,74000,209
BATTERY_ELECTRIC,74100,214
BATTERY_ELECTRIC,74200,228
BATTERY_ELECTRIC,74300,223
BATTERY_ELECTRIC,74400,235
BATTERY_ELECTRIC,74500,241
BATTERY_ELECTRIC,74600,244
BATTERY_ELECTRIC,74700,222
BATTERY_ELECTRIC,74800,241
BATTERY_ELECTRIC,74900,233
BATTERY_ELECTRIC,75000,219
BATTERY_ELECTRIC,75100,205
BATTERY_ELECTRIC,75200,220
BATTERY_ELECTRIC,75300,212
BATTERY_ELECTRIC,75400,221
BATTERY_ELECTRIC,75500,247
BATTERY_ELECTRIC,75600,218
BATTERY_ELECTRIC,75700,234
BATTERY_ELECTRIC,75800,210
BATTERY_ELECTRIC,75900,235
BATTERY_ELECTRIC,76000,235
BATTERY_ELECTRIC,76100,220
BATTERY_ELECTRIC,76200,211
BATTERY_ELECTRIC,76300,246
BATTERY_ELECTRIC,76400,215
BATTERY_ELECTRIC,76500,240
BATTERY_ELECTRIC,76600,248
BATTERY_ELECTRIC,76700,223
BATTERY_ELECTRIC,76800,229
BATTERY_ELECTRIC,76900,245
BATTERY_ELECTRIC,77000,225
BATTERY_ELECTRIC,77100,236
BATTERY_ELECTRIC,77200,247
BATTERY_ELECTRIC,77300,236
BATTERY_ELECTRIC,77400,251
BATTERY_ELECTRIC,77500,218
BATTERY_ELECTRIC,77600,234
BATTERY_ELECTRIC,77700,223
BATTERY_ELECTRIC,77800,230
BATTERY_ELECTRIC,77900,256
BATTERY_ELECTRIC,78000,226
BATTERY_ELECTRIC,78100,212
BATTERY_ELECTRIC,78200,233
BATTERY_ELECTRIC,78300,216
BATTERY_ELECTRIC,78400,238
BATTERY_ELECTRIC,78500,225
BATTERY_ELECTRIC,78600,254
BATTERY_ELECTRIC,78700,221
BATTERY_ELECTRIC,78800,243
BATTERY_ELECTRIC,78900,220
BATTERY_ELECTRIC,79000,217
BATTERY_ELECTRIC,79100,233
BATTERY_ELECTRIC,79200,253
BATTERY_ELECTRIC,79300,218
BATTERY_ELECTRIC,79400,241
BATTERY_ELECTRIC,79500,231
BATTERY_ELECTRIC,79600,244
BATTERY_ELECTRIC,79700,222
BATTERY_ELECTRIC,79800,244
BATTERY_ELECTRIC,79900,222
BATTERY_ELECTRIC,80000,244
BATTERY_ELECTRIC,80100,240
BATTERY_ELECTRIC,80200,248
BATTERY_ELECTRIC,80300,242
BATTERY_ELECTRIC,80400,249
BATTERY_ELECTRIC,80500,235
BATTERY_ELECTRIC,80600,261
BATTERY_ELECTRIC,80700,259
BATTERY_ELECTRIC,80800,261
BATTERY_ELECTRIC,80900,244
BATTERY_ELECTRIC,81000,240
BATTERY_ELECTRIC,81100,234
BATTERY_ELECTRIC,81200,248
BATTERY_ELECTRIC,81300,265
BATTERY_ELECTRIC,81400,221
BATTERY_ELECTRIC,81500,243
BATTERY_ELECTRIC,81600,252
BATTERY_ELECTRIC,81700,237
BATTERY_ELECTRIC,81800,239
BATTERY_ELECTRIC,81900,255
BATTERY_ELECTRIC,82000,254
BATTERY_ELECTRIC,82100,244
BATTERY_ELECTRIC,82200,241
BATTERY_ELECTRIC,82300,250
BATTERY_ELECTRIC,82400,241
BATTERY_ELECTRIC,82500,228
BATTERY_ELECTRIC,82600,223
BATTERY_ELECTRIC,82700,259
BATTERY_ELECTRIC,82800,272
BATTERY_ELECTRIC,82900,263
BATTERY_ELECTRIC,83000,244
BATTERY_ELECTRIC,83100,255
BATTERY_ELECTRIC,83200,268
BATTERY_ELECTRIC,83300,246
BATTERY_ELECTRIC,83400,267
BATTERY_ELECTRIC,83500,261
BATTERY_ELECTRIC,83600,248
BATTERY_ELECTRIC,83700,230
BATTERY_ELECTRIC,83800,276
BATTERY_ELECTRIC,83900,238
BATTERY_ELECTRIC,84000,247
BATTERY_ELECTRIC,84100,274
BATTERY_ELECTRIC,84200,249
BATTERY_ELECTRIC,84300,237
BATTERY_ELECTRIC,84400,270
BATTERY_ELECTRIC,84500,228
BATTERY_ELECTRIC,84600,255
BATTERY_ELECTRIC,84700,242
BATTERY_ELECTRIC,84800,235
BATTERY_ELECTRIC,84900,255
BATTERY_ELECTRIC,85000,276
BATTERY_ELECTRIC,85100,266
BATTERY_ELECTRIC,85200,235
BATTERY_ELECTRIC,85300,260
BATTERY_ELECTRIC,85400,277
BATTERY_ELECTRIC,85500,259
BATTERY_ELECTRIC,85600,244
BATTERY_ELECTRIC,85700,274
BATTERY_ELECTRIC,85800,277
BATTERY_ELECTRIC,85900,256
BATTERY_ELECTRIC,86000,245
BATTERY_ELECTRIC,86100,248
BATTERY_ELECTRIC,86200,261
BATTERY_ELECTRIC,86300,254
BATTERY_ELECTRIC,86400,260
BATTERY_ELECTRIC,86500,270
BATTERY_ELECTRIC,86600,246
BATTERY_ELECTRIC,86700,249
BATTERY_ELECTRIC,86800,247
BATTERY_ELECTRIC,86900,244
BATTERY_ELECTRIC,87000,246
BATTERY_ELECTRIC,87100,262
BATTERY_ELECTRIC,87200,252
BATTERY_ELECTRIC,87300,277
BATTERY_ELECTRIC,87400,246
BATTERY_ELECTRIC,87500,284
BATTERY_ELECTRIC,87600,257
BATTERY_ELECTRIC,87700,279
BATTERY_ELECTRIC,87800,262
BATTERY_ELECTRIC,87900,244
BATTERY_ELECTRIC,88000,257
BATTERY_ELECTRIC,88100,271
BATTERY_ELECTRIC,88200,266
BATTERY_ELECTRIC,88300,269
BATTERY_ELECTRIC,88400,270
BATTERY_ELECTRIC,88500,284
BATTERY_ELECTRIC,88600,283
BATTERY_ELECTRIC,88700,245
BATTERY_ELECTRIC,88800,249
BATTERY_ELECTRIC,88900,245
BATTERY_ELECTRIC,89000,247
BATTERY_ELECTRIC,89100,240
BATTERY_ELECTRIC,89200,283
BATTERY_ELECTRIC,89300,282
BATTERY_ELECTRIC,89400,264
BATTERY_ELECTRIC,89500,292
BATTERY_ELECTRIC,89600,259
BATTERY_ELECTRIC,89700,269
BATTERY_ELECTRIC,89800,254
BATTERY_ELECTRIC,89900,251
BATTERY_ELECTRIC,90000,296
BATTERY_ELECTRIC,90100,257
BATTERY_ELECTRIC,90200,257
BATTERY_ELECTRIC,90300,262
BATTERY_ELECTRIC,90400,295
BATTERY_ELECTRIC,90500,249
BATTERY_ELECTRIC,90600,292
BATTERY_ELECTRIC,90700,289
BATTERY_ELECTRIC,90800,290
BATTERY_ELECTRIC,90900,268
BATTERY_ELECTRIC,91000,255
BATTERY_ELECTRIC,91100,263
BATTERY_ELECTRIC,91200,257
BATTERY_ELECTRIC,91300,247
BATTERY_ELECTRIC,91400,267
BATTERY_ELECTRIC,91500,284
BATTERY_ELECTRIC,91600,289
BATTERY_ELECTRIC,91700,295
BATTERY_ELECTRIC,91800,288
BATTERY_ELECTRIC,91900,273
BATTERY_ELECTRIC,92000,270
BATTERY_ELECTRIC,92100,251
BATTERY_ELECTRIC,92200,285
BATTERY_ELECTRIC,92300,269
BATTERY_ELECTRIC,92400,253
BATTERY_ELECTRIC,92500,294
BATTERY_ELECTRIC,92600,275
BATTERY_ELECTRIC,92700,264
BATTERY_ELECTRIC,92800,257
BATTERY_ELECTRIC,92900,281
BATTERY_ELECTRIC,93000,305
BATTERY_ELECTRIC,93100,265
BATTERY_ELECTRIC,93200,260
BATTERY_ELECTRIC,93300,256
BATTERY_ELECTRIC,93400,266
BATTERY_ELECTRIC,93500,302
BATTERY_ELECTRIC,93600,301
BATTERY_ELECTRIC,93700,258
BATTERY_ELECTRIC,93800,257
BATTERY_ELECTRIC,93900,292
BATTERY_ELECTRIC,94000,290
BATTERY_ELECTRIC,94100,257
BATTERY_ELECTRIC,94200,301
BATTERY_ELECTRIC,94300,307
BATTERY_ELECTRIC,94400,256
BATTERY_ELECTRIC,94500,258
BATTERY_ELECTRIC,94600,273
BATTERY_ELECTRIC,94700,268
BATTERY_ELECTRIC,94800,310
BATTERY_ELECTRIC,94900,287
BATTERY_ELECTRIC,95000,286
BATTERY_ELECTRIC,95100,264
BATTERY_ELECTRIC,95200,274
BATTERY_ELECTRIC,95300,285
BATTERY_ELECTRIC,95400,298
BATTERY_ELECTRIC,95500,289
BATTERY_ELECTRIC,95600,309
BATTERY_ELECTRIC,95700,274
BATTERY_ELECTRIC,95800,300
BATTERY_ELECTRIC,95900,311
BATTERY_ELECTRIC,96000,264
BATTERY_ELECTRIC,96100,299
BATTERY_ELECTRIC,96200,309
BATTERY_ELECTRIC,96300,293
BATTERY_ELECTRIC,96400,301
BATTERY_ELECTRIC,96500,267
BATTERY_ELECTRIC,96600,283
BATTERY_ELECTRIC,96700,264
BATTERY_ELECTRIC,96800,307
BATTERY_ELECTRIC,96900,312
BATTERY_ELECTRIC,97000,296
BATTERY_ELECTRIC,97100,308
BATTERY_ELECTRIC,97200,282
BATTERY_ELECTRIC,97300,302
BATTERY_ELECTRIC,97400,286
BATTERY_ELECTRIC,97500,314
BATTERY_ELECTRIC,97600,310
BATTERY_ELECTRIC,97700,310
BATTERY_ELECTRIC,97800,296
BATTERY_ELECTRIC,97900,314
BATTERY_ELECTRIC,98000,317
BATTERY_ELECTRIC,98100,269
BATTERY_ELECTRIC,98200,286
BATTERY_ELECTRIC,98300,311
BATTERY_ELECTRIC,98400,287
BATTERY_ELECTRIC,98500,281
BATTERY_ELECTRIC,98600,318
BATTERY_ELECTRIC,98700,298
BATTERY_ELECTRIC,98800,279
BATTERY_ELECTRIC,98900,289
BATTERY_ELECTRIC,99000,288
BATTERY_ELECTRIC,99100,292
BATTERY_ELECTRIC,99200,283
BATTERY_ELECTRIC,99300,315
BATTERY_ELECTRIC,99400,327
BATTERY_ELECTRIC,99500,278
BATTERY_ELECTRIC,99600,291
BATTERY_ELECTRIC,99700,290
BATTERY_ELECTRIC,99800,277
BATTERY_ELECTRIC,99900,279
CABLE_ELECTRIC,1000,1
CABLE_ELECTRIC,1100,1
CABLE_ELECTRIC,1200,1
CABLE_ELECTRIC,1300,1
CABLE_ELECTRIC,1400,1
CABLE_ELECTRIC,1500,1
CABLE_ELECTRIC,1600,1
CABLE_ELECTRIC,1700,1
CABLE_ELECTRIC,1800,1
CABLE_ELECTRIC,1900,1
CABLE_ELECTRIC,2000,2
CABLE_ELECTRIC,2100,2
CABLE_ELECTRIC,2200,2
CABLE_ELECTRIC,2300,2
CABLE_ELECTRIC,2400,2
CABLE_ELECTRIC,2500,2
CABLE_ELECTRIC,2600,2
CABLE_ELECTRIC,2700,2
CABLE_ELECTRIC,2800,2
CABLE_ELECTRIC,2900,3
CABLE_ELECTRIC,3000,3
CABLE_ELECTRIC,3100,3
CABLE_ELECTRIC,3200,3
CABLE_ELECTRIC,3300,3
CABLE_ELECTRIC,3400,3
CABLE_ELECTRIC,3500,3
CABLE_ELECTRIC,3600,3
CABLE_ELECTRIC,3700,3
CABLE_ELECTRIC,3800,3
CABLE_ELECTRIC,3900,3
CABLE_ELECTRIC,4000,4
CABLE_ELECTRIC,4100,4
CABLE_ELECTRIC,4200,4
CABLE_ELECTRIC,4300,4
CABLE_ELECTRIC,4400,4
CABLE_ELECTRIC,4500,4
CABLE_ELECTRIC,4600,4
CABLE_ELECTRIC,4700,4
CABLE_ELECTRIC,4800,4
CABLE_ELECTRIC,4900,4
CABLE_ELECTRIC,5000,5
CABLE_ELECTRIC,5100,4
CABLE_ELECTRIC,5200,5
CABLE_ELECTRIC,5300,5
CABLE_ELECTRIC,5400,5
CABLE_ELECTRIC,5500,5
CABLE_ELECTRIC,5600,5
CABLE_ELECTRIC,5700,5
CABLE_ELECTRIC,5800,6
CABLE_ELECTRIC,5900,5
CABLE_ELECTRIC,6000,6
CABLE_ELECTRIC,6100,5
CABLE_ELECTRIC,6200,6
CABLE_ELECTRIC,6300,5
CABLE_ELECTRIC,6400,6
CABLE_ELECTRIC,6500,5
CABLE_ELECTRIC,6600,7
CABLE_ELECTRIC,6700,6
CABLE_ELECTRIC,6800,6
CABLE_ELECTRIC,6900,7
CABLE_ELECTRIC,7000,7
CABLE_ELECTRIC,7100,6
CABLE_ELECTRIC,7200,6
CABLE_ELECTRIC,7300,7
CABLE_ELECTRIC,7400,7
CABLE_ELECTRIC,7500,8
CABLE_ELECTRIC,7600,6
CABLE_ELECTRIC,7700,7
CABLE_ELECTRIC,7800,8
CABLE_ELECTRIC,7900,8
CABLE_ELECTRIC,8000,7
CABLE_ELECTRIC,8100,7
CABLE_ELECTRIC,8200,8
CABLE_ELECTRIC,8300,8
CABLE_ELECTRIC,8400,8
CABLE_ELECTRIC,8500,8
CABLE_ELECTRIC,8600,8
CABLE_ELECTRIC,8700,9
CABLE_ELECTRIC,8800,9
CABLE_ELECTRIC,8900,8
CABLE_ELECTRIC,9000,9
CABLE_ELECTRIC,9100,9
CABLE_ELECTRIC,9200,9
CABLE_ELECTRIC,9300,10
CABLE_ELECTRIC,9400,9
CABLE_ELECTRIC,9500,9
CABLE_ELECTRIC,9600,9
CABLE_ELECTRIC,9700,10
CABLE_ELECTRIC,9800,10
CABLE_ELECTRIC,9900,10
CABLE_ELECTRIC,10000,10
CABLE_ELECTRIC,10100,9
CABLE_ELECTRIC,10200,10
CABLE_ELECTRIC,10300,11
CABLE_ELECTRIC,10400,9
CABLE_ELECTRIC,10500,11
CABLE_ELECTRIC,10600,11
CABLE_ELECTRIC,10700,10
CABLE_ELECTRIC,10800,10
CABLE_ELECTRIC,10900,11
CABLE_ELECTRIC,11000,11
CABLE_ELECTRIC,11100,11
CABLE_ELECTRIC,11200,11
CABLE_ELECTRIC,11300,12
CABLE_ELECTRIC,11400,12
CABLE_ELECTRIC,11500,12
CABLE_ELECTRIC,11600,12
CABLE_ELECTRIC,11700,11
CABLE_ELECTRIC,11800,12
CABLE_ELECTRIC,11900,12
CABLE_ELECTRIC,12000,12
CABLE_ELECTRIC,12100,11
CABLE_ELECTRIC,12200,11
CABLE_ELECTRIC,12300,12
CABLE_ELECTRIC,12400,13
CABLE_ELECTRIC,12500,12
CABLE_ELECTRIC,12600,11
CABLE_ELECTRIC,12700,12
CABLE_ELECTRIC,12800,12
CABLE_ELECTRIC,12900,12
CABLE_ELECTRIC,13000,13
CABLE_ELECTRIC,13100,12
CABLE_ELECTRIC,13200,13
CABLE_ELECTRIC,13300,13
CABLE_ELECTRIC,13400,13
CABLE_ELECTRIC,13500,14
CABLE_ELECTRIC,13600,13
CABLE_ELECTRIC,13700,13
CABLE_ELECTRIC,13800,13
CABLE_ELECTRIC,13900,14
CABLE_ELECTRIC,14000,13
CABLE_ELECTRIC,14100,14
CABLE_ELECTRIC,14200,14
CABLE_ELECTRIC,14300,15
CABLE_ELECTRIC,14400,13
CABLE_ELECTRIC,14500,14
CABLE_ELECTRIC,14600,15
CABLE_ELECTRIC,14700,13
CABLE_ELECTRIC,14800,13
CABLE_ELECTRIC,14900,15
CABLE_ELECTRIC,15000,14
CABLE_ELECTRIC,15100,13
CABLE_ELECTRIC,15200,13
CABLE_ELECTRIC,15300,15
CABLE_ELECTRIC,15400,15
CABLE_ELECTRIC,15500,15
CABLE_ELECTRIC,15600,16
CABLE_ELECTRIC,15700,14
CABLE_ELECTRIC,15800,14
CABLE_ELECTRIC,15900,14
CABLE_ELECTRIC,16000,15
CABLE_ELECTRIC,16100,15
CABLE_ELECTRIC,16200,17
CABLE_ELECTRIC,16300,15
CABLE_ELECTRIC,16400,15
CABLE_ELECTRIC,16500,16
CABLE_ELECTRIC,16600,16
CABLE_ELECTRIC,16700,18
CABLE_ELECTRIC,16800,17
CABLE_ELECTRIC,16900,15
CABLE_ELECTRIC,17000,16
CABLE_ELECTRIC,17100,18
CABLE_ELECTRIC,17200,16
CABLE_ELECTRIC,17300,17
CABLE_ELECTRIC,17400,19
CABLE_ELECTRIC,17500,16
CABLE_ELECTRIC,17600,18
CABLE_ELECTRIC,17700,18
CABLE_ELECTRIC,17800,16
CABLE_ELECTRIC,17900,19
CABLE_ELECTRIC,18000,19
CABLE_ELECTRIC,18100,19
CABLE_ELECTRIC,18200,16
CABLE_ELECTRIC,18300,17
CABLE_ELECTRIC,18400,17
CABLE_ELECTRIC,18500,16
CABLE_ELECTRIC,18600,19
CABLE_ELECTRIC,18700,20
CABLE_ELECTRIC,18800,19
CABLE_ELECTRIC,18900,18
CABLE_ELECTRIC,19000,17
CABLE_ELECTRIC,19100,18
CABLE_ELECTRIC,19200,18
CABLE_ELECTRIC,19300,21
CABLE_ELECTRIC,19400,21
CABLE_ELECTRIC,19500,20
CABLE_ELECTRIC,19600,18
CABLE_ELECTRIC,19700,18
CABLE_ELECTRIC,19800,18
CABLE_ELECTRIC,19900,18
CABLE_ELECTRIC,20000,20
CABLE_ELECTRIC,20100,20
CABLE_ELECTRIC,20200,20
CABLE_ELECTRIC,20300,18
CABLE_ELECTRIC,20400,19
CABLE_ELECTRIC,20500,18
CABLE_ELECTRIC,20600,19
CABLE_ELECTRIC,20700,22
CABLE_ELECTRIC,20800,21
CABLE_ELECTRIC,20900,20
CABLE_ELECTRIC,21000,20
CABLE_ELECTRIC,21100,22
CABLE_ELECTRIC,21200,21
CABLE_ELECTRIC,21300,22
CABLE_ELECTRIC,21400,22
CABLE_ELECTRIC,21500,22
CABLE_ELECTRIC,21600,23
CABLE_ELECTRIC,21700,21
CABLE_ELECTRIC,21800,21
CABLE_ELECTRIC,21900,19
CABLE_ELECTRIC,22000,23
CABLE_ELECTRIC,22100,24
CABLE_ELECTRIC,22200,21
CABLE_ELECTRIC,22300,23
CABLE_ELECTRIC,22400,20
CABLE_ELECTRIC,22500,20
CABLE_ELECTRIC,22600,20
CABLE_ELECTRIC,22700,20
CABLE_ELECTRIC,22800,21
CABLE_ELECTRIC,22900,23
CABLE_ELECTRIC,23000,20
CABLE_ELECTRIC,23100,21
CABLE_ELECTRIC,23200,21
CABLE_ELECTRIC,23300,25
CABLE_ELECTRIC,23400,23
CABLE_ELECTRIC,23500,23
CABLE_ELECTRIC,23600,25
CABLE_ELECTRIC,23700,22
CABLE_ELECTRIC,23800,24
CABLE_ELECTRIC,23900,24
CABLE_ELECTRIC,24000,23
CABLE_ELECTRIC,24100,23
CABLE_ELECTRIC,24200,21
CABLE_ELECTRIC,24300,26
CABLE_ELECTRIC,24400,22
CABLE_ELECTRIC,24500,25
CABLE_ELECTRIC,24600,24
CABLE_ELECTRIC,24700,25
CABLE_ELECTRIC,24800,25
CABLE_ELECTRIC,24900,22
CABLE_ELECTRIC,25000,24
CABLE_ELECTRIC,25100,25
CABLE_ELECTRIC,25200,26
CABLE_ELECTRIC,25300,26
CABLE_ELECTRIC,25400,25
CABLE_ELECTRIC,25500,27
CABLE_ELECTRIC,25600,25
CABLE_ELECTRIC,25700,25
CABLE_ELECTRIC,25800,24
CABLE_ELECTRIC,25900,24
CABLE_ELECTRIC,26000,25
CABLE_ELECTRIC,26100,24
CABLE_ELECTRIC,26200,24
CABLE_ELECTRIC,26300,24
CABLE_ELECTRIC,26400,29
CABLE_ELECTRIC,26500,25
CABLE_ELECTRIC,26600,27
CABLE_ELECTRIC,26700,26
CABLE_ELECTRIC,26800,29
CABLE_ELECTRIC,26900,26
CABLE_ELECTRIC,27000,24
CABLE_ELECTRIC,27100,27
CABLE_ELECTRIC,27200,25
CABLE_ELECTRIC,27300,26
CABLE_ELECTRIC,27400,26
CABLE_ELECTRIC,27500,29
CABLE_ELECTRIC,27600,26
CABLE_ELECTRIC,27700,28
CABLE_ELECTRIC,27800,26
CABLE_ELECTRIC,27900,27
CABLE_ELECTRIC,28000,26
CABLE_ELECTRIC,28100,27
CABLE_ELECTRIC,28200,27
CABLE_ELECTRIC,28300,26
CABLE_ELECTRIC,28400,30
CABLE_ELECTRIC,28500,30
CABLE_ELECTRIC,28600,30
CABLE_ELECTRIC,28700,28
CABLE_ELECTRIC,28800,31
CABLE_ELECTRIC,28900,31
CABLE_ELECTRIC,29000,31
CABLE_ELECTRIC,29100,28
CABLE_ELECTRIC,29200,27
CABLE_ELECTRIC,29300,30
CABLE_ELECTRIC,29400,28
CABLE_ELECTRIC,29500,26
CABLE_ELECTRIC,29600,30
CABLE_ELECTRIC,29700,29
CABLE_ELECTRIC,29800,29
CABLE_ELECTRIC,29900,28
CABLE_ELECTRIC,30000,30
CABLE_ELECTRIC,30100,27
CABLE_ELECTRIC,30200,27
CABLE_ELECTRIC,30300,32
CABLE_ELECTRIC,30400,29
CABLE_ELECTRIC,30500,30
CABLE_ELECTRIC,30600,33
CABLE_ELECTRIC,30700,29
CABLE_ELECTRIC,30800,32
CABLE_ELECTRIC,30900,31
CABLE_ELECTRIC,31000,30
CABLE_ELECTRIC,31100,31
CABLE_ELECTRIC,31200,32
CABLE_ELECTRIC,31300,34
CABLE_ELECTRIC,31400,29
CABLE_ELECTRIC,31500,29
CABLE_ELECTRIC,31600,31
CABLE_ELECTRIC,31700,31
CABLE_ELECTRIC,31800,30
CABLE_ELECTRIC,31900,32
CABLE_ELECTRIC,32000,33
CABLE_ELECTRIC,32100,28
CABLE_ELECTRIC,32200,32
CABLE_ELECTRIC,32300,31
CABLE_ELECTRIC,32400,29
CABLE_ELECTRIC,32500,33
CABLE_ELECTRIC,32600,34
CABLE_ELECTRIC,32700,29
CABLE_ELECTRIC,32800,30
CABLE_ELECTRIC,32900,35
CABLE_ELECTRIC,33000,30
CABLE_ELECTRIC,33100,30
CABLE_ELECTRIC,33200,33
CABLE_ELECTRIC,33300,31
CABLE_ELECTRIC,33400,31
CABLE_ELECTRIC,33500,30
CABLE_ELECTRIC,33600,30
CABLE_ELECTRIC,33700,30
CABLE_ELECTRIC,33800,32
CABLE_ELECTRIC,33900,31
CABLE_ELECTRIC,34000,33
CABLE_ELECTRIC,34100,34
CABLE_ELECTRIC,34200,33
CABLE_ELECTRIC,34300,31
CABLE_ELECTRIC,34400,31
CABLE_ELECTRIC,34500,36
CABLE_ELECTRIC,34600,38
CABLE_ELECTRIC,34700,32
CABLE_ELECTRIC,34800,31
CABLE_ELECTRIC,34900,35
CABLE_ELECTRIC,35000,33
CABLE_ELECTRIC,35100,35
CABLE_ELECTRIC,35200,37
CABLE_ELECTRIC,35300,34
CABLE_ELECTRIC,35400,32
CABLE_ELECTRIC,35500,35
CABLE_ELECTRIC,35600,33
CABLE_ELECTRIC,35700,34
CABLE_ELECTRIC,35800,34
CABLE_ELECTRIC,35900,35
CABLE_ELECTRIC,36000,37
CABLE_ELECTRIC,36100,37
CABLE_ELECTRIC,36200,35
CABLE_ELECTRIC,36300,37
CABLE_ELECTRIC,36400,34
CABLE_ELECTRIC,36500,34
CABLE_ELECTRIC,36600,40
CABLE_ELECTRIC,36700,33
CABLE_ELECTRIC,36800,33
CABLE_ELECTRIC,36900,33
CABLE_ELECTRIC,37000,38
CABLE_ELECTRIC,37100,39
CABLE_ELECTRIC,37200,39
CABLE_ELECTRIC,37300,39
CABLE_ELECTRIC,37400,38
CABLE_ELECTRIC,37500,37
CABLE_ELECTRIC,37600,39
CABLE_ELECTRIC,37700,36
CABLE_ELECTRIC,37800,35
CABLE_ELECTRIC,37900,40
CABLE_ELECTRIC,38000,40
CABLE_ELECTRIC,38100,36
CABLE_ELECTRIC,38200,34
CABLE_ELECTRIC,38300,37
CABLE_ELECTRIC,38400,35
CABLE_ELECTRIC,38500,37
CABLE_ELECTRIC,38600,39
CABLE_ELECTRIC,38700,42
CABLE_ELECTRIC,38800,39
CABLE_ELECTRIC,38900,35
CABLE_ELECTRIC,39000,40
CABLE_ELECTRIC,39100,40
CABLE_ELECTRIC,39200,36
CABLE_ELECTRIC,39300,41
CABLE_ELECTRIC,39400,40
CABLE_ELECTRIC,39500,40
CABLE_ELECTRIC,39600,35
CABLE_ELECTRIC,39700,38
CABLE_ELECTRIC,39800,40
CABLE_ELECTRIC,39900,41
CABLE_ELECTRIC,40000,40
CABLE_ELECTRIC,40100,43
CABLE_ELECTRIC,40200,40
CABLE_ELECTRIC,40300,44
CABLE_ELECTRIC,40400,44
CABLE_ELECTRIC,40500,44
CABLE_ELECTRIC,40600,41
CABLE_ELECTRIC,40700,38
CABLE_ELECTRIC,40800,41
CABLE_ELECTRIC,40900,42
CABLE_ELECTRIC,41000,37
CABLE_ELECTRIC,41100,39
CABLE_ELECTRIC,41200,37
CABLE_ELECTRIC,41300,37
CABLE_ELECTRIC,41400,37
CABLE_ELECTRIC,41500,42
CABLE_ELECTRIC,41600,42
CABLE_ELECTRIC,41700,45
CABLE_ELECTRIC,41800,39
CABLE_ELECTRIC,41900,45
CABLE_ELECTRIC,42000,45
CABLE_ELECTRIC,42100,42
CABLE_ELECTRIC,42200,45
CABLE_ELECTRIC,42300,43
CABLE_ELECTRIC,42400,44
CABLE_ELECTRIC,42500,41
CABLE_ELECTRIC,42600,38
CABLE_ELECTRIC,42700,44
CABLE_ELECTRIC,42800,45
CABLE_ELECTRIC,42900,46
CABLE_ELECTRIC,43000,43
CABLE_ELECTRIC,43100,39
CABLE_ELECTRIC,43200,41
CABLE_ELECTRIC,43300,41
CABLE_ELECTRIC,43400,42
CABLE_ELECTRIC,43500,42
CABLE_ELECTRIC,43600,47
CABLE_ELECTRIC,43700,47
CABLE_ELECTRIC,43800,48
CABLE_ELECTRIC,43900,45
CABLE_ELECTRIC,44000,40
CABLE_ELECTRIC,44100,46
CABLE_ELECTRIC,44200,48
CABLE_ELECTRIC,44300,46
CABLE_ELECTRIC,44400,43
CABLE_ELECTRIC,44500,45
CABLE_ELECTRIC,44600,42
CABLE_ELECTRIC,44700,44
CABLE_ELECTRIC,44800,44
CABLE_ELECTRIC,44900,44
CABLE_ELECTRIC,45000,41
CABLE_ELECTRIC,45100,40
CABLE_ELECTRIC,45200,46
CABLE_ELECTRIC,45300,46
CABLE_ELECTRIC,45400,44
CABLE_ELECTRIC,45500,41
CABLE_ELECTRIC,45600,45
CABLE_ELECTRIC,45700,45
CABLE_ELECTRIC,45800,43
CABLE_ELECTRIC,45900,41
CABLE_ELECTRIC,46000,49
CABLE_ELECTRIC,46100,44
CABLE_ELECTRIC,46200,50
CABLE_ELECTRIC,46300,50
CABLE_ELECTRIC,46400,42
CABLE_ELECTRIC,46500,50
CABLE_ELECTRIC,46600,45
CABLE_ELECTRIC,46700,43
CABLE_ELECTRIC,46800,42
CABLE_ELECTRIC,46900,48
CABLE_ELECTRIC,47000,48
CABLE_ELECTRIC,47100,46
CABLE_ELECTRIC,47200,50
CABLE_ELECTRIC,47300,49
CABLE_ELECTRIC,47400,48
CABLE_ELECTRIC,47500,49
CABLE_ELECTRIC,47600,42
CABLE_ELECTRIC,47700,51
CABLE_ELECTRIC,47800,45
CABLE_ELECTRIC,47900,46
CABLE_ELECTRIC,48000,52
CABLE_ELECTRIC,48100,44
CABLE_ELECTRIC,48200,48
CABLE_ELECTRIC,48300,46
CABLE_ELECTRIC,48400,52
CABLE_ELECTRIC,48500,50
CABLE_ELECTRIC,48600,44
CABLE_ELECTRIC,48700,44
CABLE_ELECTRIC,48800,52
CABLE_ELECTRIC,48900,47
CABLE_ELECTRIC,49000,44
CABLE_ELECTRIC,49100,48
CABLE_ELECTRIC,49200,46
CABLE_ELECTRIC,49300,48
CABLE_ELECTRIC,49400,50
CABLE_ELECTRIC,49500,48
CABLE_ELECTRIC,49600,49
CABLE_ELECTRIC,49700,46
CABLE_ELECTRIC,49800,52
CABLE_ELECTRIC,49900,46
CABLE_ELECTRIC,50000,51
CABLE_ELECTRIC,50100,47
CABLE_ELECTRIC,50200,52
CABLE_ELECTRIC,50300,53
CABLE_ELECTRIC,50400,55
CABLE_ELECTRIC,50500,46
CABLE_ELECTRIC,50600,45
CABLE_ELECTRIC,50700,54
CABLE_ELECTRIC,50800,52
CABLE_ELECTRIC,50900,55
CABLE_ELECTRIC,51000,54
CABLE_ELECTRIC,51100,46
CABLE_ELECTRIC,51200,55
CABLE_ELECTRIC,51300,54
CABLE_ELECTRIC,51400,52
CABLE_ELECTRIC,51500,55
CABLE_ELECTRIC,51600,46
CABLE_ELECTRIC,51700,48
CABLE_ELECTRIC,51800,48
CABLE_ELECTRIC,51900,48
CABLE_ELECTRIC,52000,48
CABLE_ELECTRIC,52100,53
CABLE_ELECTRIC,52200,52
CABLE_ELECTRIC,52300,55
CABLE_ELECTRIC,52400,55
CABLE_ELECTRIC,52500,48
CABLE_ELECTRIC,52600,49
CABLE_ELECTRIC,52700,50
CABLE_ELECTRIC,52800,53
CABLE_ELECTRIC,52900,56
CABLE_ELECTRIC,53000,55
CABLE_ELECTRIC,53100,48
CABLE_ELECTRIC,53200,52
CABLE_ELECTRIC,53300,54
CABLE_ELECTRIC,53400,50
CABLE_ELECTRIC,53500,57
CABLE_ELECTRIC,53600,50
CABLE_ELECTRIC,53700,56
CABLE_ELECTRIC,53800,57
CABLE_ELECTRIC,53900,48
CABLE_ELECTRIC,54000,52
CABLE_ELECTRIC,54100,58
CABLE_ELECTRIC,54200,49
CABLE_ELECTRIC,54300,54
CABLE_ELECTRIC,54400,56
CABLE_ELECTRIC,54500,52
CABLE_ELECTRIC,54600,56
CABLE_ELECTRIC,54700,53
CABLE_ELECTRIC,54800,60
CABLE_ELECTRIC,54900,51
CABLE_ELECTRIC,55000,53
CABLE_ELECTRIC,55100,50
CABLE_ELECTRIC,55200,55
CABLE_ELECTRIC,55300,52
CABLE_ELECTRIC,55400,50
CABLE_ELECTRIC,55500,50
CABLE_ELECTRIC,55600,53
CABLE_ELECTRIC,55700,59
CABLE_ELECTRIC,55800,61
CABLE_ELECTRIC,55900,51
CABLE_ELECTRIC,56000,60
CABLE_ELECTRIC,56100,54
CABLE_ELECTRIC,56200,51
CABLE_ELECTRIC,56300,56
CABLE_ELECTRIC,56400,58
CABLE_ELECTRIC,56500,60
CABLE_ELECTRIC,56600,59
CABLE_ELECTRIC,56700,58
CABLE_ELECTRIC,56800,60
CABLE_ELECTRIC,56900,59
CABLE_ELECTRIC,57000,51
CABLE_ELECTRIC,57100,57
CABLE_ELECTRIC,57200,55
CABLE_ELECTRIC,57300,60
CABLE_ELECTRIC,57400,56
CABLE_ELECTRIC,57500,57
CABLE_ELECTRIC,57600,54
CABLE_ELECTRIC,57700,55
CABLE_ELECTRIC,57800,54
CABLE_ELECTRIC,57900,61
CABLE_ELECTRIC,58000,58
CABLE_ELECTRIC,58100,59
CABLE_ELECTRIC,58200,56
CABLE_ELECTRIC,58300,62
CABLE_ELECTRIC,58400,54
CABLE_ELECTRIC,58500,59
CABLE_ELECTRIC,58600,58
CABLE_ELECTRIC,58700,53
CABLE_ELECTRIC,58800,63
CABLE_ELECTRIC,58900,57
CABLE_ELECTRIC,59000,62
CABLE_ELECTRIC,59100,63
CABLE_ELECTRIC,59200,57
CABLE_ELECTRIC,59300,60
CABLE_ELECTRIC,59400,58
CABLE_ELECTRIC,59500,61
CABLE_ELECTRIC,59600,54
CABLE_ELECTRIC,59700,60
CABLE_ELECTRIC,59800,59
CABLE_ELECTRIC,59900,61
CABLE_ELECTRIC,60000,58
CABLE_ELECTRIC,60100,58
CABLE_ELECTRIC,60200,61
CABLE_ELECTRIC,60300,60
CABLE_ELECTRIC,60400,56
CABLE_ELECTRIC,60500,62
CABLE_ELECTRIC,60600,63
CABLE_ELECTRIC,60700,58
CABLE_ELECTRIC,60800,64
CABLE_ELECTRIC,60900,64
CABLE_ELECTRIC,61000,65
CABLE_ELECTRIC,61100,59
CABLE_ELECTRIC,61200,55
CABLE_ELECTRIC,61300,57
CABLE_ELECTRIC,61400,63
CABLE_ELECTRIC,61500,64
CABLE_ELECTRIC,61600,63
CABLE_ELECTRIC,61700,58
CABLE_ELECTRIC,61800,55
CABLE_ELECTRIC,61900,64
CABLE_ELECTRIC,62000,56
CABLE_ELECTRIC,62100,56
CABLE_ELECTRIC,62200,62
CABLE_ELECTRIC,62300,67
CABLE_ELECTRIC,62400,57
CABLE_ELECTRIC,62500,68
CABLE_ELECTRIC,62600,61
CABLE_ELECTRIC,62700,62
CABLE_ELECTRIC,62800,66
CABLE_ELECTRIC,62900,59
CABLE_ELECTRIC,63000,65
CABLE_ELECTRIC,63100,65
CABLE_ELECTRIC,63200,68
CABLE_ELECTRIC,63300,58
CABLE_ELECTRIC,63400,58
CABLE_ELECTRIC,63500,63
CABLE_ELECTRIC,63600,65
CABLE_ELECTRIC,63700,62
CABLE_ELECTRIC,63800,64
CABLE_ELECTRIC,63900,64
CABLE_ELECTRIC,64000,63
CABLE_ELECTRIC,64100,64
CABLE_ELECTRIC,64200,63
CABLE_ELECTRIC,64300,64
CABLE_ELECTRIC,64400,69
CABLE_ELECTRIC,64500,58
CABLE_ELECTRIC,64600,59
CABLE_ELECTRIC,64700,60
CABLE_ELECTRIC,64800,62
CABLE_ELECTRIC,64900,70
CABLE_ELECTRIC,65000,68
CABLE_ELECTRIC,65100,61
CABLE_ELECTRIC,65200,70
CABLE_ELECTRIC,65300,69
CABLE_ELECTRIC,65400,59
CABLE_ELECTRIC,65500,63
CABLE_ELECTRIC,65600,61
CABLE_ELECTRIC,65700,69
CABLE_ELECTRIC,65800,61
CABLE_ELECTRIC,65900,61
CABLE_ELECTRIC,66000,59
CABLE_ELECTRIC,66100,68
CABLE_ELECTRIC,66200,62
CABLE_ELECTRIC,66300,67
CABLE_ELECTRIC,66400,64
CABLE_ELECTRIC,66500,63
CABLE_ELECTRIC,66600,67
CABLE_ELECTRIC,66700,66
CABLE_ELECTRIC,66800,68
CABLE_ELECTRIC,66900,62
CABLE_ELECTRIC,67000,60
CABLE_ELECTRIC,67100,72
CABLE_ELECTRIC,67200,61
CABLE_ELECTRIC,67300,69
CABLE_ELECTRIC,67400,61
CABLE_ELECTRIC,67500,62
CABLE_ELECTRIC,67600,71
CABLE_ELECTRIC,67700,65
CABLE_ELECTRIC,67800,73
CABLE_ELECTRIC,67900,62
CABLE_ELECTRIC,68000,70
CABLE_ELECTRIC,68100,72
CABLE_ELECTRIC,68200,61
CABLE_ELECTRIC,68300,64
CABLE_ELECTRIC,68400,66
CABLE_ELECTRIC,68500,66
CABLE_ELECTRIC,68600,71
CABLE_ELECTRIC,68700,70
CABLE_ELECTRIC,68800,75
CABLE_ELECTRIC,68900,66
CABLE_ELECTRIC,69000,71
CABLE_ELECTRIC,69100,68
CABLE_ELECTRIC,69200,67
CABLE_ELECTRIC,69300,62
CABLE_ELECTRIC,69400,68
CABLE_ELECTRIC,69500,67
CABLE_ELECTRIC,69600,63
CABLE_ELECTRIC,69700,64
CABLE_ELECTRIC,69800,75
CABLE_ELECTRIC,69900,64
CABLE_ELECTRIC,70000,67
CABLE_ELECTRIC,70100,68
CABLE_ELECTRIC,70200,63
CABLE_ELECTRIC,70300,74
CABLE_ELECTRIC,70400,65
CABLE_ELECTRIC,70500,74
CABLE_ELECTRIC,70600,66
CABLE_ELECTRIC,70700,73
CABLE_ELECTRIC,70800,64
CABLE_ELECTRIC,70900,77
CABLE_ELECTRIC,71000,72
CABLE_ELECTRIC,71100,71
CABLE_ELECTRIC,71200,70
CABLE_ELECTRIC,71300,77
CABLE_ELECTRIC,71400,67
CABLE_ELECTRIC,71500,69
CABLE_ELECTRIC,71600,73
CABLE_ELECTRIC,71700,77
CABLE_ELECTRIC,71800,72
CABLE_ELECTRIC,71900,76
CABLE_ELECTRIC,72000,65
CABLE_ELECTRIC,72100,74
CABLE_ELECTRIC,72200,66
CABLE_ELECTRIC,72300,69
CABLE_ELECTRIC,72400,72
CABLE_ELECTRIC,72500,65
CABLE_ELECTRIC,72600,70
CABLE_ELECTRIC,72700,76
CABLE_ELECTRIC,72800,67
CABLE_ELECTRIC,72900,79
CABLE_ELECTRIC,73000,68
CABLE_ELECTRIC,73100,70
CABLE_ELECTRIC,73200,75
CABLE_ELECTRIC,73300,75
CABLE_ELECTRIC,73400,77
CABLE_ELECTRIC,73500,73
CABLE_ELECTRIC,73600,75
CABLE_ELECTRIC,73700,69
CABLE_ELECTRIC,73800,67
CABLE_ELECTRIC,73900,72
CABLE_ELECTRIC,74000,70
CABLE_ELECTRIC,74100,69
CABLE_ELECTRIC,74200,76
CABLE_ELECTRIC,74300,66
CABLE_ELECTRIC,74400,80
CABLE_ELECTRIC,74500,78
CABLE_ELECTRIC,74600,79
CABLE_ELECTRIC,74700,80
CABLE_ELECTRIC,74800,68
CABLE_ELECTRIC,74900,70
CABLE_ELECTRIC,75000,81
CABLE_ELECTRIC,75100,77
CABLE_ELECTRIC,75200,69
CABLE_ELECTRIC,75300,74
CABLE_ELECTRIC,75400,78
CABLE_ELECTRIC,75500,70
CABLE_ELECTRIC,75600,76
CABLE_ELECTRIC,75700,73
CABLE_ELECTRIC,75800,78
CABLE_ELECTRIC,75900,76
CABLE_ELECTRIC,76000,80
CABLE_ELECTRIC,76100,79
CABLE_ELECTRIC,76200,72
CABLE_ELECTRIC,76300,79
CABLE_ELECTRIC,76400,83
CABLE_ELECTRIC,76500,71
CABLE_ELECTRIC,76600,84
CABLE_ELECTRIC,76700,75
CABLE_ELECTRIC,76800,81
CABLE_ELECTRIC,76900,72
CABLE_ELECTRIC,77000,72
CABLE_ELECTRIC,77100,80
CABLE_ELECTRIC,77200,76
CABLE_ELECTRIC,77300,77
CABLE_ELECTRIC,77400,71
CABLE_ELECTRIC,77500,76
CABLE_ELECTRIC,77600,69
CABLE_ELECTRIC,77700,80
CABLE_ELECTRIC,77800,71
CABLE_ELECTRIC,77900,77
CABLE_ELECTRIC,78000,73
CABLE_ELECTRIC,78100,77
CABLE_ELECTRIC,78200,77
CABLE_ELECTRIC,78300,75
CABLE_ELECTRIC,78400,71
CABLE_ELECTRIC,78500,72
CABLE_ELECTRIC,78600,85
CABLE_ELECTRIC,78700,85
CABLE_ELECTRIC,78800,76
CABLE_ELECTRIC,78900,85
CABLE_ELECTRIC,79000,84
CABLE_ELECTRIC,79100,85
CABLE_ELECTRIC,79200,76
CABLE_ELECTRIC,79300,71
CABLE_ELECTRIC,79400,86
CABLE_ELECTRIC,79500,81
CABLE_ELECTRIC,79600,84
CABLE_ELECTRIC,79700,76
CABLE_ELECTRIC,79800,78
CABLE_ELECTRIC,79900,87
CABLE_ELECTRIC,80000,80
CABLE_ELECTRIC,80100,76
CABLE_ELECTRIC,80200,76
CABLE_ELECTRIC,80300,77
CABLE_ELECTRIC,80400,76
CABLE_ELECTRIC,80500,84
CABLE_ELECTRIC,80600,73
CABLE_ELECTRIC,80700,80
CABLE_ELECTRIC,80800,79
CABLE_ELECTRIC,80900,75
CABLE_ELECTRIC,81000,75
CABLE_ELECTRIC,81100,85
CABLE_ELECTRIC,81200,75
CABLE_ELECTRIC,81300,87
CABLE_ELECTRIC,81400,89
CABLE_ELECTRIC,81500,78
CABLE_ELECTRIC,81600,80
CABLE_ELECTRIC,81700,85
CABLE_ELECTRIC,81800,89
CABLE_ELECTRIC,81900,80
CABLE_ELECTRIC,82000,84
CABLE_ELECTRIC,82100,84
CABLE_ELECTRIC,82200,82
CABLE_ELECTRIC,82300,79
CABLE_ELECTRIC,82400,76
CABLE_ELECTRIC,82500,90
CABLE_ELECTRIC,82600,82
CABLE_ELECTRIC,82700,86
CABLE_ELECTRIC,82800,78
CABLE_ELECTRIC,82900,89
CABLE_ELECTRIC,83000,89
CABLE_ELECTRIC,83100,82
CABLE_ELECTRIC,83200,88
CABLE_ELECTRIC,83300,80
CABLE_ELECTRIC,83400,89
CABLE_ELECTRIC,83500,89
CABLE_ELECTRIC,83600,88
CABLE_ELECTRIC,83700,87
CABLE_ELECTRIC,83800,90
CABLE_ELECTRIC,83900,87
CABLE_ELECTRIC,84000,77
CABLE_ELECTRIC,84100,80
CABLE_ELECTRIC,84200,78
CABLE_ELECTRIC,84300,81
CABLE_ELECTRIC,84400,77
CABLE_ELECTRIC,84500,76
CABLE_ELECTRIC,84600,77
CABLE_ELECTRIC,84700,86
CABLE_ELECTRIC,84800,77
CABLE_ELECTRIC,84900,80
CABLE_ELECTRIC,85000,76
CABLE_ELECTRIC,85100,91
CABLE_ELECTRIC,85200,77
CABLE_ELECTRIC,85300,90
CABLE_ELECTRIC,85400,85
CABLE_ELECTRIC,85500,82
CABLE_ELECTRIC,85600,78
CABLE_ELECTRIC,85700,78
CABLE_ELECTRIC,85800,91
CABLE_ELECTRIC,85900,87
CABLE_ELECTRIC,86000,91
CABLE_ELECTRIC,86100,77
CABLE_ELECTRIC,86200,80
CABLE_ELECTRIC,86300,88
CABLE_ELECTRIC,86400,78
CABLE_ELECTRIC,86500,84
CABLE_ELECTRIC,86600,85
CABLE_ELECTRIC,86700,91
CABLE_ELECTRIC,86800,95
CABLE_ELECTRIC,86900,86
CABLE_ELECTRIC,87000,84
CABLE_ELECTRIC,87100,84
CABLE_ELECTRIC,87200,85
CABLE_ELECTRIC,87300,86
CABLE_ELECTRIC,87400,84
CABLE_ELECTRIC,87500,84
CABLE_ELECTRIC,87600,84
CABLE_ELECTRIC,87700,86
CABLE_ELECTRIC,87800,94
CABLE_ELECTRIC,87900,91
CABLE_ELECTRIC,88000,90
CABLE_ELECTRIC,88100,92
CABLE_ELECTRIC,88200,90
CABLE_ELECTRIC,88300,82
CABLE_ELECTRIC,88400,90
CABLE_ELECTRIC,88500,95
CABLE_ELECTRIC,88600,84
CABLE_ELECTRIC,88700,96
CABLE_ELECTRIC,88800,87
CABLE_ELECTRIC,88900,90
CABLE_ELECTRIC,89000,86
CABLE_ELECTRIC,89100,91
CABLE_ELECTRIC,89200,85
CABLE_ELECTRIC,89300,93
CABLE_ELECTRIC,89400,90
CABLE_ELECTRIC,89500,96
CABLE_ELECTRIC,89600,90
CABLE_ELECTRIC,89700,88
CABLE_ELECTRIC,89800,95
CABLE_ELECTRIC,89900,89
CABLE_ELECTRIC,90000,93
CABLE_ELECTRIC,90100,85
CABLE_ELECTRIC,90200,84
CABLE_ELECTRIC,90300,86
CABLE_ELECTRIC,90400,81
CABLE_ELECTRIC,90500,95
CABLE_ELECTRIC,90600,85
CABLE_ELECTRIC,90700,87
CABLE_ELECTRIC,90800,90
CABLE_ELECTRIC,90900,82
CABLE_ELECTRIC,91000,97
CABLE_ELECTRIC,91100,89
CABLE_ELECTRIC,91200,83
CABLE_ELECTRIC,91300,90
CABLE_ELECTRIC,91400,99
CABLE_ELECTRIC,91500,82
CABLE_ELECTRIC,91600,95
CABLE_ELECTRIC,91700,99
CABLE_ELECTRIC,91800,97
CABLE_ELECTRIC,91900,90
CABLE_ELECTRIC,92000,96
CABLE_ELECTRIC,92100,83
CABLE_ELECTRIC,92200,99
CABLE_ELECTRIC,92300,96
CABLE_ELECTRIC,92400,99
CABLE_ELECTRIC,92500,86
CABLE_ELECTRIC,92600,92
CABLE_ELECTRIC,92700,89
CABLE_ELECTRIC,92800,98
CABLE_ELECTRIC,92900,93
CABLE_ELECTRIC,93000,100
CABLE_ELECTRIC,93100,85
CABLE_ELECTRIC,93200,87
CABLE_ELECTRIC,93300,91
CABLE_ELECTRIC,93400,86
CABLE_ELECTRIC,93500,89
CABLE_ELECTRIC,93600,84
CABLE_ELECTRIC,93700,92
CABLE_ELECTRIC,93800,98
CABLE_ELECTRIC,93900,99
CABLE_ELECTRIC,94000,91
CABLE_ELECTRIC,94100,99
CABLE_ELECTRIC,94200,91
CABLE_ELECTRIC,94300,96
CABLE_ELECTRIC,94400,103
CABLE_ELECTRIC,94500,87
CABLE_ELECTRIC,94600,93
CABLE_ELECTRIC,94700,99
CABLE_ELECTRIC,94800,97
CABLE_ELECTRIC,94900,95
CABLE_ELECTRIC,95000,94
CABLE_ELECTRIC,95100,100
CABLE_ELECTRIC,95200,92
CABLE_ELECTRIC,95300,93
CABLE_ELECTRIC,95400,89
CABLE_ELECTRIC,95500,101
CABLE_ELECTRIC,95600,98
CABLE_ELECTRIC,95700,92
CABLE_ELECTRIC,95800,103
CABLE_ELECTRIC,95900,92
CABLE_ELECTRIC,96000,96
CABLE_ELECTRIC,96100,93
CABLE_ELECTRIC,96200,90
CABLE_ELECTRIC,96300,95
CABLE_ELECTRIC,96400,100
CABLE_ELECTRIC,96500,87
CABLE_ELECTRIC,96600,99
CABLE_ELECTRIC,96700,96
CABLE_ELECTRIC,96800,97
CABLE_ELECTRIC,96900,101
CABLE_ELECTRIC,97000,93
CABLE_ELECTRIC,97100,91
CABLE_ELECTRIC,97200,105
CABLE_ELECTRIC,97300,90
CABLE_ELECTRIC,97400,104
CABLE_ELECTRIC,97500,102
CABLE_ELECTRIC,97600,90
CABLE_ELECTRIC,97700,98
CABLE_ELECTRIC,97800,100
CABLE_ELECTRIC,97900,93
CABLE_ELECTRIC,98000,89
CABLE_ELECTRIC,98100,101
CABLE_ELECTRIC,98200,92
CABLE_ELECTRIC,98300,99
CABLE_ELECTRIC,98400,106
CABLE_ELECTRIC,98500,107
CABLE_ELECTRIC,98600,96
CABLE_ELECTRIC,98700,90
CABLE_ELECTRIC,98800,104
CABLE_ELECTRIC,98900,106
CABLE_ELECTRIC,99000,96
CABLE_ELECTRIC,99100,94
CABLE_ELECTRIC,99200,108
CABLE_ELECTRIC,99300,98
CABLE_ELECTRIC,99400,93
CABLE_ELECTRIC,99500,91
CABLE_ELECTRIC,99600,91
CABLE_ELECTRIC,99700,89
CABLE_ELECTRIC,99800,99
CABLE_ELECTRIC,99900,102
